"0","Assume likely indicate its","11","Green","Movement she seem activity program around risk discover if camera","291.58"
"1","Admit find claim figure","265","Red","Politics up far consumer along memory worry","132.43"
"2","Yeah what mention author hard","311","Red","Mention anyone heavy television to road person task bit","22.52"
"3","Compare term","245","Green","Conference thing behind draw see break trial manager democratic tree","331.80"
"4","Affect father","123","Blue","Civil stock trial professional animal shake southern budget","76.24"
"5","Agree cultural everybody","17","Red","Anyone task win cause describe soldier paper add very","179.86"
"6","Make forward personal","153","Red","With manager some phone eye movie reduce but","394.46"
"7","After clear list","326","Yellow","Could realize writer method wait tough have","18.79"
"8","Card member become","215","Yellow","Start growth system rock deal our government her career","133.49"
"9","Last score","412","Blue","Protect resource use property for ground coach","311.66"
"10","Senior space up","283","Purple","Indeed gun stand data TV training meeting future report","198.78"
"11","Question smile","297","Purple","Last woman once dream serious buy involve fish tell child","51.11"
"12","Relate eight necessary fine game","200","Yellow","Material sit left argue set between Democrat human","192.05"
"13","Discussion audience","72","Red","Off Mr trouble yet factor","375.42"
"14","Team quite","130","Blue","Increase employee agent measure something off clear product","498.24"
"15","Line amount team may technology","260","Green","Lose responsibility role director stop million behind may","240.68"
"16","Realize brother","442","Yellow","Foot sport past street plant","113.88"
"17","Record film data","4","Green","Forward resource laugh relationship effort land movie pass system","273.37"
"18","Receive long","274","Red","Main Mr discuss great way","365.61"
"19","Together side","72","Yellow","Series technology chance agent hour and","427.50"
"20","Among determine firm cultural","172","Blue","Land group treat coach hold support across health","113.20"
"21","Window she TV","122","Blue","Book wear back pay do above security","63.76"
"22","Responsibility collection place anyone","198","Green","Bring find teacher democratic within large still either door control","386.08"
"23","Born cover","349","Purple","Price what garden worry about feeling","206.38"
"24","Style better budget impact we","225","Red","Debate seek type most per class hear add loss old","2.26"
"25","Itself appear article can unit","268","Green","Eye base give animal camera relationship travel next","285.81"
"26","Government among","123","Green","Black half enter tough dream","22.75"
"27","Likely material talk","60","Green","Western network case education summer close difference him save","478.10"
"28","Design never while would","345","Green","Few maybe suffer bit act about color major agree","49.75"
"29","State leader girl easy","369","Red","End view produce country off mind yet certainly turn effect","62.75"
"30","Hundred song focus scene dark","247","Blue","Truth group film dream notice opportunity","264.18"
"31","Air commercial tell current","371","Green","Answer field hold bag pay","215.27"
"32","True son world fire require","125","Green","Child east not become security young war","173.53"
"33","Season amount question decide","243","Green","Ball imagine strong understand building want high trial","204.38"
"34","Fall option","440","Red","Eight course professional help perform voice","199.22"
"35","Buy your","444","Green","Group relationship major special partner build become top","430.99"
"36","Morning once network like","269","Yellow","Three they chair general return represent official floor different measure opportunity","6.66"
"37","Whether young everyone consider","215","Green","Money item would ground individual enough cup interesting center","291.42"
"38","Down new","489","Purple","Avoid just article hot senior form","71.91"
"39","Safe meet","262","Purple","Professional reveal wait certain listen painting","42.59"
"40","Idea side difference","225","Yellow","My dog four woman under of meet","257.44"
"41","Particular produce","454","Yellow","Report space treatment result say our","255.07"
"42","Service food father type want","331","Yellow","Possible also she television these general today choose board development","123.27"
"43","Civil brother impact beyond may","290","Blue","Common close professor certain identify grow appear weight cost baby","42.99"
"44","Myself glass right once evening","199","Yellow","How lot son choose eight you yourself despite music item country","270.94"
"45","Score hit","265","Blue","Rate west successful leader","143.57"
"46","Control cost authority various young","318","Red","Money man should contain realize appear dinner unit agree professor","251.39"
"47","Mean air law","17","Yellow","Light cold impact option sport buy","262.14"
"48","Turn particularly worry","420","Purple","Might build arrive toward year scene explain class such","369.90"
"49","Worker thing key glass","340","Blue","Early green attack able radio specific base authority if law","251.20"
"50","Friend deep window those sense","475","Purple","Senior public work ahead behind nothing ask him radio","370.18"
"51","Family sister finish","447","Green","Fall well what such course free","39.64"
"52","Security man figure","127","Blue","Many staff vote too south join marriage term","383.69"
"53","Thing heart family security","340","Blue","Another just low him since ability party","474.42"
"54","Response should defense receive development","60","Blue","Reduce past result turn stop view tree line view north","328.52"
"55","Onto family","127","Blue","Exactly time along miss option me","33.50"
"56","Statement tell particular","237","Purple","Participant concern seem program pull","106.41"
"57","Teach them worker head","251","Yellow","Already government partner by central cell think soldier","282.46"
"58","Serve go forget","326","Purple","Audience about chair it order","324.15"
"59","Meeting strong","338","Yellow","Day lose those Mrs we play act","9.69"
"60","Goal accept security","442","Green","Republican that economy suddenly plant","63.18"
"61","Behavior stop","329","Yellow","Blue five impact difficult everything authority position","309.73"
"62","Above represent follow hope result","127","Purple","Table thus statement answer need mean letter fill day test","44.54"
"63","Or professional country building","387","Red","Defense or poor treat view safe myself gas establish hand","290.28"
"64","Environmental tell major","251","Red","Production ready allow community benefit under player just write","64.78"
"65","Field after of article","454","Blue","Discuss level blue international probably out","10.77"
"66","Hair resource","49","Green","Car later rest scientist always","371.04"
"67","Reason thing ground reveal","110","Purple","Rate while within top tonight agree","347.97"
"68","Live red reality ahead we","122","Purple","Piece hot same five mother","11.89"
"69","White second","225","Green","Daughter field final election institution strategy hot team party","41.54"
"70","Music think address Congress","141","Blue","Career student boy significant Republican finally entire significant fear hard tough","54.62"
"71","Guy unit","247","Blue","Country foot meeting without music peace","490.06"
"72","Center financial as","331","Purple","Health she stock ask value","335.38"
"73","Forget low hold radio involve","1","Blue","Soon city of on difference view mind individual leg suffer","106.52"
"74","You wall hard","213","Yellow","Wear it unit store account","330.73"
"75","Much manager","480","Blue","Local lot music house they because","307.90"
"76","Power yes nature executive price","130","Purple","Plant blood parent mission their","71.50"
"77","Deal claim record","300","Blue","Five only tonight cost strong avoid way thus heart few","452.97"
"78","Choice article","198","Yellow","Figure realize report minute street even shoulder feeling activity pass","197.35"
"79","Recognize score card","262","Yellow","Hair cost probably art feeling during black","277.95"
"80","Six always deep business","243","Purple","Cut attorney everyone task high them","431.25"
"81","Middle land long information develop","77","Yellow","Discover which argue car believe everybody","386.28"
"82","Open garden he","499","Blue","Everybody moment world check floor factor pass analysis effect town","339.98"
"83","Road hit consumer remain religious","72","Green","Tonight knowledge among player really police phone","218.93"
"84","Result no evidence program","427","Green","So least everything so firm show","294.61"
"85","Wide back article case","231","Green","Side bring less put research various issue kid life","126.59"
"86","Seat wife last training","198","Blue","Bag more television box guy program describe history know","8.42"
"87","Tough produce top camera","420","Purple","Toward color feeling Mr crime price under then","160.66"
"88","Summer ground","196","Purple","Notice also mind southern anything wear public","282.75"
"89","He we soon be author","265","Red","Term during under someone talk left boy condition Mr individual","310.48"
"90","Source weight pass he","441","Green","Billion establish population item PM reduce","239.49"
"91","Thing himself fire","362","Purple","Various work strategy relationship serious learn participant around late glass","139.73"
"92","Tend discuss less another","28","Green","Surface degree add treatment yard certain fly gas","48.71"
"93","Quickly industry which direction","172","Red","Blood around stand medical arm","401.42"
"94","Measure stock brother career","18","Blue","Man everybody power brother during million find condition six","244.70"
"95","Great beat late relate laugh","440","Yellow","Often answer both full look respond production","264.32"
"96","Already design","492","Purple","President bit reveal including cause school","230.25"
"97","Subject begin improve","447","Red","Technology last would suggest former no force long car grow","101.12"
"98","For natural contain","245","Green","Walk middle light picture southern heart different store glass baby","280.77"
"99","Provide against recently model","140","Blue","Must decade rest safe can paper","84.63"
"100","Occur opportunity","481","Red","Near matter cup write","222.57"
"101","Bit huge ask","77","Blue","Decide one soon cell address might rock none discussion many","177.32"
"102","Data everybody shoulder show especially","318","Blue","Throughout very cause listen science thing some dream near","97.38"
"103","Stay computer idea","245","Green","Wide different development everything book paper number plan","357.63"
"104","Continue weight kid religious","331","Green","Traditional television product top friend weight mind when weight","187.21"
"105","Forward seek","122","Red","Growth fine it world piece remain break support now","149.61"
"106","Hard deep reality","56","Purple","Big hope perhaps between deep month record everybody himself","96.01"
"107","Different middle than","140","Blue","Statement development section perform green far either child draw","388.18"
"108","Huge fly car suggest there","435","Blue","Attention take stage recognize seven","32.47"
"109","Agency during trouble as building","369","Yellow","Key television animal kind out writer simply night","4.03"
"110","Town follow win coach","176","Green","Decision born have once left network by all figure ever model","204.33"
"111","Seven detail small computer thing","226","Red","Home live too age blood enjoy could spring politics try key","15.92"
"112","Three our bag behavior likely","140","Yellow","Guy chance sing rather scientist message many draw mention eye lot","428.13"
"113","Serious central indicate","216","Yellow","Glass staff week star summer","166.96"
"114","Person economy","4","Blue","Whose decide loss five","30.84"
"115","Old as","127","Red","Store discussion that tonight beat rock cut anyone this expect","358.63"
"116","Wonder this","276","Red","Identify response record impact wide sing factor wall that","49.58"
"117","Future phone today effort shake","276","Purple","Recent word its notice tough improve particularly surface","468.16"
"118","Goal travel today study","425","Red","Authority can politics attention matter raise design","332.79"
"119","Company evidence itself","252","Blue","Must seek environment reveal level than skill sport","276.26"
"120","Stuff themselves","322","Blue","Perhaps fall Mrs build whose late","12.71"
"121","Affect main various","213","Yellow","Fear campaign heart company opportunity free unit","29.55"
"122","Democratic best nearly simple","483","Yellow","Already cover officer discover oil agent enough front quickly","336.89"
"123","Start do watch ask","216","Yellow","Size father religious democratic seven where then finish protect watch","163.84"
"124","In choice board","184","Purple","Southern campaign kid itself face tree back year","436.32"
"125","Long paper game","225","Yellow","Claim authority alone ever listen","489.03"
"126","Perform stop stock political","243","Red","Early discussion on culture he official assume right become","119.44"
"127","Dog song into yourself understand","17","Red","General pretty total tend","98.71"
"128","Offer miss more serious land","141","Yellow","Traditional simple full else family bar free","109.02"
"129","Debate structure recognize late","134","Green","Executive cause key thing increase arrive smile","346.91"
"130","Any see line","300","Purple","Just involve agree brother decide from","103.59"
"131","Throughout explain body couple speech","268","Green","Call wide risk class manage","422.52"
"132","Way may left","213","Red","Show him role couple","64.00"
"133","Serve tough kitchen","159","Green","Family north music individual long most one once most","165.68"
"134","Over add run","480","Yellow","Across news dog body face","287.97"
"135","Military magazine","250","Purple","Down page action sure avoid idea network put","183.78"
"136","Call whatever way break he","77","Red","Realize financial increase film bill miss yes nature","93.51"
"137","Summer claim","60","Green","Significant as response history claim different billion develop ten region","274.48"
"138","Try a democratic","196","Yellow","Hit admit song interest difficult","208.48"
"139","Occur hope thing help","176","Green","Road Republican admit popular character series measure never model boy","463.02"
"140","Make Democrat describe nice sometimes","435","Blue","Throw national big prevent miss","223.61"
"141","Very point magazine big","440","Blue","Animal draw specific article friend investment stage still rule employee","135.95"
"142","Party once best","252","Yellow","Clear white maybe goal least","140.73"
"143","Moment matter board thing","200","Blue","Share hear create into detail western","188.65"
"144","Research drug among","475","Purple","Throughout keep position author change simply past light face recognize","233.27"
"145","Season green strong let","225","Green","Successful friend father return","111.63"
"146","Worry occur book particular employee","172","Green","Other drop society scene four also mission administration","374.69"
"147","Into media agency","11","Green","Size industry apply stock prevent study","9.87"
"148","Leg moment","260","Blue","Ago choice form through tax","363.55"
"149","Source at first ok","125","Yellow","Indeed find middle age evidence use bring part","271.22"
"150","Herself like change","274","Purple","Professor source rock into military focus report can tonight","123.01"
"151","Use purpose everything","318","Green","Wrong low hot western writer important only paper series seat citizen","256.41"
"152","Spend rise between enjoy","492","Green","Itself new explain ball think effort assume wife clearly become","175.67"
"153","Gas determine","322","Purple","Rather let cup artist various threat whom performance husband off property","114.84"
"154","Happen fight put such","127","Blue","Daughter owner four building since far position need place","315.43"
"155","Chance room popular develop","304","Blue","Become film break cell professional agree those month know report","347.43"
"156","Song start course level success","269","Blue","Thing that happen just record list day employee call","93.59"
"157","Arrive however or","414","Blue","Focus deep behind before another know performance worker huge","391.73"
"158","Join wish door person past","287","Blue","Argue every yourself money raise","164.40"
"159","Specific still whole","492","Blue","Television for word worry member","451.34"
"160","Pm time surface","420","Blue","Piece certainly message those itself public again shoulder teach","361.15"
"161","Start agree idea","260","Purple","Writer them will treat plant seven despite yes","212.25"
"162","Myself economy step cost education","161","Yellow","Enough plant have get","59.11"
"163","Most time","245","Red","Picture practice southern open war claim note break","192.99"
"164","Management family policy","4","Red","Set red their billion seven","469.24"
"165","Price seem visit","159","Blue","Call feeling town operation still which ago but","254.24"
"166","Least agreement easy","362","Yellow","Guy floor about pull born","356.77"
"167","Force police dream blood","18","Green","Training once over cell treatment do agency friend deep opportunity international","303.95"
"168","Stock protect best first","108","Yellow","Drug fear manage create pay cup upon among will","150.37"
"169","Heavy else short bank movement","168","Purple","Different generation front several history","257.34"
"170","Box general himself available","226","Red","Debate common season mother political development option another again now","145.75"
"171","Five attack prevent morning","110","Yellow","Over scientist position computer meet coach chair cold never everything","215.13"
"172","Card nature television","150","Blue","Blood data summer develop because plant","15.47"
"173","On continue challenge","237","Purple","Especially believe might something term pressure including benefit make prepare","489.41"
"174","Energy someone relationship interview","349","Green","Image reflect citizen tell back","345.15"
"175","Computer theory brother send option","440","Blue","Style science art else memory fire lot film cover reason stay","226.52"
"176","Art walk","168","Red","Itself ok us determine necessary morning safe exist","391.62"
"177","Open part happen share national","349","Purple","Really cut occur my example reduce some mouth consumer","297.59"
"178","Check standard","245","Green","Other girl middle send left significant","135.09"
"179","Collection appear key","143","Green","Particularly soon form cup push occur","482.79"
"180","Point upon","283","Green","Life how challenge southern focus such not keep economic","312.52"
"181","Tv become","143","Red","Political tonight theory mother go so evidence environmental arm","115.86"
"182","Know factor too","50","Blue","Nearly more order reason value","398.23"
"183","Who she to","483","Green","Recent white history case miss third","77.48"
"184","Create seek great son","17","Blue","Reality already front fill entire crime page","165.39"
"185","Many another poor now","72","Green","Second nation father last eye least realize candidate method security","161.03"
"186","Room too four","369","Red","System hold summer far expert family contain enough rather","307.94"
"187","See focus","421","Yellow","Million color process region heavy","42.69"
"188","Some if spend quickly","177","Green","Anything race manager realize","275.71"
"189","Home total fund several or","28","Red","Mr for wish court new determine million possible","324.78"
"190","Form administration nature movement","50","Green","Above skill attack before avoid land already beautiful woman no","83.08"
"191","Let federal one perform","483","Purple","Response forget quite white best two","424.54"
"192","Back among these task student","369","Red","However table to state baby employee","183.50"
"193","Teach recently along major prove","499","Purple","Example point win deal medical from talk","161.24"
"194","Activity admit need statement two","237","Purple","Assume concern apply whom onto","404.01"
"195","Again room growth","0","Purple","Seat perhaps discover peace medical half tough","110.18"
"196","Law old ball threat certain","300","Yellow","Measure physical goal yeah change","289.53"
"197","Other boy need","226","Yellow","Buy firm toward send million fill lead","417.97"
"198","Purpose book list add","427","Blue","Some include recent some third hair determine miss","270.34"
"199","Will prevent interesting seat","492","Blue","Main other question image morning sense establish week","116.99"
"200","Water structure","50","Green","Value respond attack weight law speech eye","496.66"
"201","Imagine show economic center animal","48","Purple","Explain want now size station environment response","283.93"
"202","Store article into price full","492","Yellow","Loss campaign for fine join information","375.10"
"203","Matter nor down move","250","Green","National property ability fight create standard heavy","10.40"
"204","Decision maybe dream billion executive","475","Purple","Our market idea out","1.29"
"205","Tax president leader far executive","358","Green","Draw about enter black end national move into leg place","402.86"
"206","Need former employee low spring","345","Purple","Fly mouth run even law kitchen","456.15"
"207","Single girl water right who","149","Blue","Forward pay floor be system indeed increase director out","116.31"
"208","Probably ahead with southern rate","54","Green","Voice page large camera girl","107.22"
"209","Authority usually baby short","18","Blue","Scene special more quite simple begin","322.15"
"210","Able bill seek girl","172","Blue","South event play relationship hot specific heavy never nature official inside","499.93"
"211","Statement over","304","Red","Level chair use medical research kind","288.23"
"212","Stage follow really month","200","Red","Coach also cause nor agree speak official participant","271.17"
"213","Likely professor consider","322","Purple","Way loss continue point while concern","148.63"
"214","Seat up girl day still","4","Blue","Probably me red war campaign campaign however policy environment step","421.57"
"215","Half thank could","200","Red","Add provide soldier anything","416.50"
"216","Young exactly thank Mrs face","153","Red","Seek environment eye marriage bed","353.94"
"217","Push gas","226","Blue","Live wish she dog good weight act individual camera senior","220.33"
"218","Child we air","338","Blue","Board exist lay goal job theory","250.74"
"219","Send require it","311","Green","Somebody left feel owner kid change","173.04"
"220","Arrive until into five somebody","412","Purple","Others seat thus themselves site yeah reflect fund central","92.71"
"221","Television quite whether","492","Purple","Despite music positive marriage risk skin","392.38"
"222","Work deep state usually","141","Yellow","Claim look our green suggest effect phone security","40.52"
"223","Over when because","349","Purple","Significant visit law receive know bill improve","223.42"
"224","Middle unit","60","Red","Drive matter new weight difference thousand kid Democrat","409.72"
"225","Return picture own","77","Red","Site person firm whether care cold news","9.30"
"226","Brother everyone news","481","Blue","Story particular civil thought central I key question list","390.36"
"227","Southern benefit","50","Purple","Attention that open part dark society","255.11"
"228","Kind board make price","412","Yellow","Century when mention travel blue share","285.83"
"229","Majority instead","340","Green","Contain down miss discuss somebody score","227.28"
"230","Trouble like response","304","Purple","Society cause join reveal consumer nearly","486.71"
"231","Consider record agreement","198","Blue","Certain recently you law","60.68"
"232","Present half after","123","Yellow","Half lead agent boy use which foreign bank skill","250.83"
"233","Month share next","213","Yellow","Leader different unit interesting avoid open","261.87"
"234","Bad heart community actually check","243","Yellow","Air economy hour money","187.56"
"235","Design thousand","216","Yellow","Stage measure type rest heart first","4.10"
"236","Everybody require call","130","Yellow","Discussion open policy between huge ground old","60.28"
"237","Factor professor win involve","317","Purple","Phone front church follow each cup huge pull nice","246.20"
"238","Nor game experience","338","Red","Assume form prove certain level family situation your behind","239.34"
"239","Watch chance become face","420","Blue","Friend guess water hard left serve run","276.18"
"240","Join know enjoy center","269","Purple","Chance national visit threat just lead bit once","37.98"
"241","Hear which south rich","159","Purple","Another camera leave candidate system employee","403.56"
"242","Figure high personal","410","Green","Direction threat training his charge","352.49"
"243","Space vote since","72","Yellow","Allow answer remember individual boy kind teach paper sometimes","144.48"
"244","Thus watch TV","362","Red","Prevent relationship at bad often production detail near employee value","240.88"
"245","South his","125","Blue","Goal that meet above player garden might happy prevent","288.37"
"246","Become on against","124","Green","Until cell outside thought political energy difficult play his","42.80"
"247","Any watch skill happen movement","442","Red","Music deep occur American question member","246.40"
"248","Family information pattern media","475","Green","Scientist physical bag pick toward face half she nearly","55.00"
"249","Worry lose item","385","Red","Ok reality music side team yet","277.74"
"250","Community life seven","243","Green","Personal couple shoulder claim believe","318.37"
"251","Public operation past process","331","Green","War concern pretty hour dark glass understand with","311.87"
"252","Half particularly","311","Purple","Group live address develop wear drop force class","332.01"
"253","Politics have pressure","481","Red","Knowledge American prove little hot seat any stuff","387.00"
"254","Game these whole","83","Purple","Phone least behavior everyone fact especially picture","37.99"
"255","Anyone street","200","Red","Coach education growth arm simply discuss other tell national look","38.56"
"256","Buy small network budget","199","Blue","He market perform example person card","447.07"
"257","Hotel tend whose","35","Purple","Republican art smile pay discuss result view do speak machine","483.96"
"258","Character yes","226","Red","Significant whose cut at wife reflect some","295.42"
"259","Risk painting service kind ever","124","Green","Apply picture artist become than","111.95"
"260","Condition walk director on","309","Red","Fine consumer character sometimes campaign","29.57"
"261","Social wish commercial","252","Red","Approach air loss collection begin nearly themselves","241.33"
"262","Recent growth","124","Green","Social that growth occur response check person president","45.91"
"263","Bed section","420","Green","How tonight us for see yard force attorney dinner call","186.54"
"264","Manage draw democratic","171","Green","Everyone woman according walk state vote everything indeed","132.35"
"265","Ability company manage","18","Red","Stop ground yeah industry true bed push method effect son","190.07"
"266","Budget choice how certainly debate","383","Purple","Town third represent ready reality power different nice course PM word","102.18"
"267","Any myself woman prove","183","Yellow","Student shake him weight clearly investment hand quite left grow on","183.36"
"268","Leader report","130","Blue","Compare building air song role","440.55"
"269","Rich two bag","143","Green","Pressure reason usually process hand social wall gun series receive","148.88"
"270","Popular site accept","77","Red","Share show play important animal network","432.16"
"271","Understand school lose","447","Purple","Head record very themselves","477.64"
"272","Foot kind","50","Purple","Age do night eye give","170.50"
"273","Bring form no pay spend","383","Yellow","From its its own account","76.85"
"274","Low simply medical believe tell","1","Red","Center hit arm believe each need manager east decide","76.94"
"275","Energy many everything","226","Green","Republican program room reality letter program way trouble head","167.97"
"276","Major so occur true","226","Blue","Development happen share PM public","197.21"
"277","Physical success likely different sing","378","Blue","Pm which mind beyond three","381.86"
"278","Include around remember","480","Green","Look animal cold reach house","338.20"
"279","Wind official year","198","Blue","Beyond science head part thing religious add eat","373.38"
"280","Station design","369","Blue","Traditional little ask sense food space site size","200.10"
"281","Deal sound bag prepare knowledge","231","Blue","Throughout painting report trial current fact","289.94"
"282","Involve likely head","225","Purple","Street product ask significant understand if administration heavy","111.91"
"283","Later culture PM","444","Red","Series attorney process agent fly serious trouble prevent","488.05"
"284","Attack concern former certainly rise","178","Red","Until back chair arm beyond than fly few candidate","480.80"
"285","Line others","387","Red","Analysis back society recognize pick southern","497.34"
"286","Support ask team shoulder","489","Green","Medical important win real little somebody prepare","290.99"
"287","Wait stay middle","1","Blue","Artist pay reason under he","63.34"
"288","Middle prevent reach","421","Yellow","Voice technology wife including four let","459.70"
"289","Look leader price particular","127","Blue","Yes although traditional good want why year","140.20"
"290","With rather at hotel","304","Green","Air against away national near head its","390.79"
"291","Number you run argue","318","Red","Sister raise long fall center forget include","157.11"
"292","Air force method product","283","Red","Site price would season page Mrs situation","228.50"
"293","Him pattern staff","322","Green","Two community attention kind glass wall little him","480.91"
"294","Eight through write","421","Blue","Guy respond everything artist appear American","30.14"
"295","Write top administration make","184","Red","Wide minute hundred any that","168.43"
"296","Local staff","412","Green","Language partner music throw accept interesting where on allow","373.33"
"297","Allow find","331","Green","Likely field maintain receive long","64.19"
"298","Prepare ask push guess others","269","Yellow","Him usually fast could now single mission","248.80"
"299","Project dinner material","110","Red","Second bad strong win discover blue always","32.73"
"300","Son Republican health guy","0","Purple","Action before whether direction likely short give especially","98.09"
"301","Leader hope whole","283","Blue","Trial measure why air assume husband visit worker hotel its across","493.82"
"302","Step TV west","268","Yellow","Audience put local over central","98.20"
"303","Report across reason number","72","Purple","Lose medical will once measure where experience wait tonight cause","448.68"
"304","Hand color picture defense","17","Yellow","Product sell reduce plant cover room these","154.33"
"305","Cold couple city relationship","304","Purple","Term religious thing list around wife continue relationship sound","123.59"
"306","Way value third sense","123","Blue","Country compare live point","54.52"
"307","Poor both give country","35","Green","Whole old region president","173.81"
"308","Look television dark face","251","Purple","Check design especially compare carry chair","440.41"
"309","Whatever it","1","Purple","Gas around officer two situation book look tough","436.15"
"310","He our society","481","Green","And section run number glass yard","376.86"
"311","Computer way rich theory south","444","Green","Society next remain population bar prepare may help morning","31.41"
"312","Late expect day","440","Red","Feeling movement address exactly","57.37"
"313","Card current physical others","481","Red","Upon require mind middle bad join away only central","384.37"
"314","Order position article night","441","Purple","Raise term still democratic around job","51.15"
"315","Pm control","345","Green","List a country support majority","443.19"
"316","Glass enter","369","Yellow","Outside example stock expect bill wrong smile enter result do","205.34"
"317","Admit end leave","364","Purple","Sometimes me coach dinner","140.61"
"318","Card political institution information","309","Blue","State rate mean return page beautiful","184.22"
"319","Generation all indeed against","483","Yellow","Range professor make lead community them prevent reflect important here","36.65"
"320","End sometimes","329","Red","Husband agree style company laugh truth","263.41"
"321","Impact military","287","Green","Begin watch yard wrong mention such over already condition","43.75"
"322","Some material professional","35","Yellow","Meet meeting send price provide art series site","456.11"
"323","Quickly such find might","198","Green","Before somebody produce fund as compare someone seek lead","245.33"
"324","See nor black huge","56","Purple","Better pick skin view age seat word","235.32"
"325","Service animal couple dog","161","Yellow","All relate nature local majority bit","249.19"
"326","Sure citizen","441","Blue","Mind discussion cover everybody east next write financial","351.14"
"327","Room eight involve","184","Purple","Week seek international interest human","424.26"
"328","But what type","250","Blue","Recently each walk world three might wish inside","361.15"
"329","Party information million","150","Purple","Point fill guess image","62.79"
"330","Process bill them","143","Purple","Agreement toward morning thus any lose reveal under she","273.33"
"331","Involve bit inside","475","Blue","Number wall pressure accept chance really give","29.14"
"332","Matter where","364","Green","Professor soldier region play growth able necessary these","251.19"
"333","Live medical pull although","444","Green","Leave notice research stock political design start television address occur already","425.40"
"334","Election building yard","247","Purple","Difficult work rest long point","300.91"
"335","Before word once offer","177","Red","Method party international south cover customer entire","458.67"
"336","Building voice two mind","48","Purple","Modern national attorney baby prepare important","308.17"
"337","Exactly goal American party","171","Red","Well weight why from coach","370.97"
"338","But others rate difficult manager","309","Red","Similar employee apply back agreement pretty","340.12"
"339","Ball leave woman organization not","317","Red","Two different shoulder culture way laugh style anyone","370.53"
"340","Change eye","72","Red","Loss set cost travel eight","462.28"
"341","Material often dream","60","Purple","Occur able record now another","283.79"
"342","Conference exist how factor","35","Red","Provide million it create seem address require place stay focus recognize","296.61"
"343","Company hit possible","482","Purple","Serious perform cultural per note right food information seat at","310.11"
"344","Soldier both fact store","11","Blue","Agreement after consider machine staff stop effect","22.37"
"345","Security walk show","442","Green","Available help official third take free place charge","499.14"
"346","Understand actually something","18","Purple","Congress interview campaign attention as former food shake","482.80"
"347","Why group her at","215","Purple","Challenge discussion project hard true","0.24"
"348","Federal experience one","414","Yellow","Young together from apply collection sport medical political","495.67"
"349","We cause defense","387","Yellow","Pressure week political executive speak arrive ready yard","18.26"
"350","Catch social believe","154","Blue","Still show foreign military its manager be","498.75"
"351","Smile bed pattern","441","Purple","Article soon situation relationship rate beautiful customer","246.53"
"352","Set wall","199","Yellow","Better field grow rule each drive affect want","460.22"
"353","Community pass even","283","Red","Ground push bad drug four","118.81"
"354","Shake myself name choice","161","Blue","Information old likely consumer goal","446.11"
"355","Join response","421","Green","Truth center west office power shake watch enough","160.21"
"356","Seven TV seem past","161","Blue","Top identify moment base can","255.30"
"357","Each allow purpose school help","345","Yellow","Your station better great worker decade fund window Republican for voice","498.62"
"358","Just care economy sell last","48","Blue","Tax area likely system forward practice other various","136.98"
"359","Move service draw personal","421","Blue","Happy almost month within far","61.81"
"360","Walk guess stage these","349","Red","Respond finally project smile above drive","12.32"
"361","Thus movement them","159","Blue","Alone several score loss also enjoy have during","282.96"
"362","Also current","425","Purple","Base sport next apply head community","18.52"
"363","Or face artist ask","226","Red","Short great those store four hope court process future attention attorney","262.51"
"364","Little act","340","Red","Without game whole city across partner","488.02"
"365","Teach answer so industry society","243","Yellow","Win treat probably front allow watch possible system","227.81"
"366","Have size window begin","198","Yellow","Whether left social wife table road","49.92"
"367","Test fire beyond series","475","Yellow","With cultural rule serious entire work","254.60"
"368","Mind development in almost better","387","Yellow","Become door whatever yet choice take sign throughout no","197.12"
"369","Arm for member","35","Red","Seem somebody but we walk term thousand network customer fear","232.90"
"370","Drive expect authority","159","Blue","May attorney as represent director six property article ahead land","384.43"
"371","Force nation factor","72","Green","Because place themselves prove true particularly development message family practice","211.15"
"372","Share population","124","Red","How station money like trade necessary case evening","172.90"
"373","West mention imagine development participant","463","Red","Thought yeah threat plan rich","397.01"
"374","Write although","387","Green","Mouth street white meeting major want protect kid study","73.09"
"375","Commercial cut since","274","Purple","Number thank plant piece population","209.57"
"376","Loss year development subject","364","Red","Hand other cut behind blue","12.93"
"377","Room main traditional body office","378","Yellow","Would baby lay impact bring road quite those during","84.63"
"378","Possible behavior picture say","387","Red","Risk find wrong central voice loss help current across seven","432.70"
"379","Chance sign manager","196","Purple","Outside bank never fall consider ten ready","414.51"
"380","Less grow current","77","Yellow","Fine can his order stay have thing case size behind","9.22"
"381","Dark range player us","421","Yellow","Add stock well along health training","234.23"
"382","Father visit fill final","143","Green","Fact tend she evidence prepare difference daughter move","221.77"
"383","Training Democrat brother back white","371","Red","Hotel else us experience resource major while idea","243.04"
"384","Same week position federal","237","Green","Heart picture religious among total serve","410.31"
"385","Something fear goal","183","Yellow","Thus factor hope old to thousand standard suggest high","429.77"
"386","Area turn","83","Yellow","Throughout determine cup among which century leave career picture form","222.56"
"387","Discuss off","247","Red","System suffer likely change class develop big up","102.25"
"388","Affect possible","251","Yellow","Leg plant response trade ever lay per in","60.34"
"389","Receive including he too","412","Green","Draw others carry stop represent either a ago whose ahead","450.85"
"390","Enough we bank","168","Red","Firm situation decide level many and product back throw senior","415.25"
"391","Performance song book","276","Purple","Us quickly behavior risk party series will hard statement against","481.46"
"392","Step goal crime","124","Purple","Number of agency off result nearly","498.73"
"393","Wait wide","383","Green","Body serve yard international would others","420.67"
"394","Moment act friend","297","Green","Risk line number read particularly safe sing wonder","445.93"
"395","Hear option concern","155","Red","Society item our commercial Mrs rather staff fight dark","419.56"
"396","Stop then TV win party","182","Blue","Blood country success among including push community write old","70.69"
"397","Able glass","358","Purple","Method general represent new someone claim generation exist","424.82"
"398","Write brother student best","338","Green","Fish do environmental Democrat with exactly","428.49"
"399","Choice score","435","Purple","Medical bring close production question raise father","364.09"
"400","Power interest help trip result","56","Green","Speech party put sing mention technology as expert","263.04"
"401","Indicate term develop","283","Blue","Check film whom center recent","195.93"
"402","Trouble ability even paper","442","Green","Cup operation somebody white within appear ever nice church","368.04"
"403","Weight under","260","Green","Suffer car over lose into this participant","216.15"
"404","Kid make five","482","Green","Onto entire popular carry office policy let parent world","305.15"
"405","Sound nation reveal","274","Purple","Both important add true music film way reflect","47.18"
"406","Management discuss inside bill","127","Blue","Enjoy report strong others east","229.52"
"407","Media lawyer amount shake phone","11","Red","Go environmental mother what scientist writer success cost whose enter","294.00"
"408","Help assume story","172","Purple","Carry very student serious class appear field majority","180.53"
"409","Bad save suddenly","383","Purple","Tend next stage I nor","172.17"
"410","Act theory bad for become","245","Green","Support play business although stuff want move","298.02"
"411","Group interest deep","153","Blue","Ahead record exist job community task","251.77"
"412","Reason history far garden","300","Blue","South up marriage job sound choose main past","155.75"
"413","Like arm","480","Red","Right school free particularly food candidate federal","254.25"
"414","Cost born international meeting","329","Red","Return along focus ready pretty task those","241.29"
"415","American recent safe pattern","414","Red","Bank design eye property impact effort however","439.41"
"416","Gas hold everything we","499","Blue","Something American year religious crime","277.12"
"417","Middle us","216","Green","Property visit player professional mouth every out dream interesting","186.80"
"418","Half series mind same","141","Purple","Those similar offer figure want dog animal thank clear","311.23"
"419","Imagine drug view market","252","Blue","Some somebody day day off smile determine treat","110.58"
"420","Knowledge opportunity great","481","Blue","Yet prevent special people audience","207.38"
"421","Pull record","11","Blue","Church fly possible value low stock yet ten","138.58"
"422","Music through","463","Purple","Film health language friend beyond project ok others away","2.94"
"423","Star art drive","1","Blue","Drop however great term week various before letter student team","367.18"
"424","Member lawyer wait","110","Blue","Risk far fine other film side agree","150.42"
"425","Explain easy","483","Purple","Point happy opportunity behind present measure right you","326.79"
"426","Leave eat us maintain","499","Yellow","Room three job bit few best onto animal expert","363.68"
"427","Compare field open others","209","Blue","Nearly try score public exactly","478.04"
"428","Community town east","427","Yellow","Gas support small base","250.17"
"429","Brother stand","480","Blue","Office race those rest mind whatever pass","9.16"
"430","Mr night","130","Green","Perhaps strong price news start rise attack month until drug","127.78"
"431","Require how its possible","159","Purple","Ok available born much media offer cup factor skin give enjoy","14.53"
"432","Let notice you daughter","270","Red","Despite both dream rise continue","360.68"
"433","Report girl","317","Red","Strong window young anything arrive offer","45.58"
"434","At care court","127","Yellow","Stage ground shoulder stand guess industry guess itself coach","310.40"
"435","This look at feel","483","Purple","Apply onto many capital term cold late last worry moment","466.43"
"436","Car he ok too","489","Blue","Teach Mrs in there true","208.60"
"437","Hundred state evening financial visit","420","Purple","Finally several well director economy mention why","23.57"
"438","One however miss look","251","Purple","Head before enjoy expert player","272.70"
"439","Collection authority into","153","Yellow","Reach scene some ten act weight such white","104.97"
"440","Loss address long","349","Red","Policy relationship our within condition Mrs that","496.21"
"441","On a outside less create","454","Yellow","Water while piece impact president production visit song member","207.23"
"442","Soldier that international","268","Red","Imagine trouble owner agent the item performance party PM","43.46"
"443","Stop day outside produce","60","Blue","Start after receive daughter newspaper change field her discuss","126.45"
"444","Yes improve draw some","482","Red","Success move worker among easy","333.07"
"445","Four degree feeling person","463","Blue","Nation thus science own thing from","36.13"
"446","Name light very","383","Blue","Score pull attack head goal line throughout plan every each","128.78"
"447","Then character already","231","Green","Drive ground memory happen knowledge rock yes mean","64.87"
"448","Century teach drug lose","56","Red","Could everyone her page western","198.74"
"449","About join determine spring rise","309","Yellow","Network bit someone strong mention those outside","457.93"
"450","Above operation perhaps teach east","300","Green","House scientist account cover central","349.13"
"451","Remain deal wonder","362","Green","Hospital beautiful me thought cover her hundred probably","22.53"
"452","Him guess positive perhaps against","385","Blue","Movement tell than option mean marriage news wait major","243.59"
"453","Money understand","177","Yellow","Century quality dream above act light its newspaper","103.16"
"454","Want increase shake","391","Yellow","Close policy PM final project life concern growth","418.38"
"455","Later huge site right","283","Red","Shoulder technology knowledge discussion network then","308.98"
"456","Interesting central","358","Yellow","Carry account along western myself none late program until figure case","283.48"
"457","Back box hotel budget fall","447","Green","Know live at coach surface firm tree important","271.71"
"458","Send ok","213","Red","Beautiful difference report responsibility next record central","406.85"
"459","According plan week peace","225","Yellow","Tend she remain direction occur training happen name action spend well","295.23"
"460","Happen someone","252","Blue","Feeling allow individual then wall again evidence","387.56"
"461","Somebody light","50","Green","Civil out later can resource remember great","18.72"
"462","Identify plant five year education","18","Yellow","Letter remember unit director bar American material style through evidence","448.90"
"463","Deep by sign human long","161","Blue","Note live lead wide knowledge","15.27"
"464","Where back sea","252","Purple","Fill political give near often face respond","340.20"
"465","Despite two second say if","127","Yellow","Interesting movie so writer price rise","462.63"
"466","Old some process focus","237","Yellow","Number natural model future crime speak","190.66"
"467","Present hope strong","178","Blue","Woman everyone quickly question majority personal","183.97"
"468","Doctor especially today value become","435","Red","Five year else front than choice","443.51"
"469","Return why alone its","268","Blue","Hour both series shoulder specific offer language traditional","301.49"
"470","Team staff next movie page","134","Blue","Kitchen white four sometimes particularly economy red ok","123.51"
"471","Send believe western chair usually","447","Purple","Again admit watch avoid action production","328.80"
"472","Its interest accept they","362","Red","Research despite course that me security recently plan","336.42"
"473","Its industry coach prevent","427","Purple","Business real wall director score general simply","446.25"
"474","Himself movie wonder","326","Red","Often bring five enjoy","265.37"
"475","Wonder piece wait look true","199","Yellow","Improve different look down grow team whole director","287.34"
"476","Research government among pay","331","Yellow","Very look bag smile decision include material treatment floor","257.83"
"477","Sound be certainly fly","385","Blue","Once general manager peace","322.69"
"478","Avoid morning their nation","17","Green","Other role not participant theory raise","31.99"
"479","Drive particular whose avoid","141","Yellow","Of allow subject space now prepare","1.56"
"480","Window see soon","463","Purple","Really another capital sit investment wonder tell draw myself cup","8.60"
"481","Whether mother through action point","125","Blue","Keep their church others leave cold","448.04"
"482","Story something","383","Blue","Item image expect senior movie","278.36"
"483","Push finally","123","Blue","Would level despite imagine husband","186.61"
"484","Information bed day simply simply","444","Purple","Capital may message pull full strategy","441.62"
"485","While the","322","Purple","Begin future Mr benefit floor drug","63.76"
"486","Account respond act","0","Yellow","Start chance development happen direction guy what little establish","305.64"
"487","Fund less country special","83","Red","Series movement international toward change movie yard reason really keep","21.78"
"488","Wall hold task beat instead","149","Green","Fire understand notice kid size board discover","197.62"
"489","Such computer down many","141","Red","Republican radio customer two pass","458.44"
"490","Where design four lose far","225","Yellow","Reflect as soon able attention our","121.54"
"491","Crime model woman","127","Red","Consumer garden war international hope audience phone across share art","370.04"
"492","Measure partner professor real trouble","340","Purple","Thus expert near owner respond feeling cut","135.72"
"493","Only lot government","454","Purple","Owner Democrat magazine write where challenge week","293.40"
"494","Box local never","265","Green","Piece subject eat seem world huge kind phone popular","479.89"
"495","Recent lay","442","Red","Statement news indeed song really collection experience than answer heavy stay","98.69"
"496","Than financial story hand school","309","Red","Work when arrive most number southern blue color relationship pretty","386.63"
"497","Miss throw major","154","Blue","However sister room structure pattern","358.60"
"498","Nice program","161","Blue","Man everything wife consumer","3.30"
"499","Whose news above call paper","304","Purple","Easy cover walk go too","300.62"
