"182","363","Color source into least simple lay voice","2015-12-09 01:25:12"
"99","472","Notice land born use light building take campaign building effect","2002-05-20 02:38:15"
"407","478","Budget knowledge stop approach expert make collection age wall always any child","2022-08-19 02:50:31"
"341","275","Poor mother economy middle relationship where move area tough of board follow president rich","2007-05-25 19:22:47"
"493","363","Issue tend tend allow account yard student network nearly","2007-10-14 16:29:17"
"209","106","Shake someone kind best new director world three it full","1987-01-09 19:25:35"
"331","143","Somebody customer wife out news voice research its hair research support feel foreign","2013-02-20 10:29:27"
"173","102","Be green game water chance consumer approach sometimes","2003-07-28 04:54:27"
"210","64","Travel democratic they accept seven court","1993-01-16 14:08:25"
"169","466","Paper this new style other dog","1978-01-15 13:34:32"
"288","156","Down including practice set happy person agency kitchen social thank might interesting","2017-03-27 19:20:36"
"94","260","Notice the hair she authority believe","1986-03-24 19:25:40"
"156","218","Mission country represent form country should minute father inside when subject","2022-07-20 17:14:38"
"70","71","Join rest officer possible agent them especially guess special","1975-04-30 18:12:27"
"116","211","Small first local student traditional glass ago","2011-06-27 23:30:51"
"351","279","President resource spring national ahead true free hard hour","2013-05-21 11:53:53"
"26","129","Cut discuss early show attention relationship police image fund sort relationship Mrs record","2007-07-20 20:33:19"
"452","177","Consider rock foreign voice situation chance mouth compare whether sometimes","1994-07-08 15:00:30"
"213","213","Major street discover choice our pull about Mr offer read","2015-12-01 21:01:09"
"331","259","Garden health condition mouth candidate institution bed meeting tax wide poor owner","2013-03-02 20:40:27"
"410","46","Program wall sure college box wide probably audience Mrs moment","2002-02-01 07:13:19"
"13","295","Expect eat will various eat claim discuss box player outside anyone for","1988-01-18 20:06:31"
"480","393","Audience upon key make teach fund his decision","2009-10-18 05:03:55"
"410","457","Outside that case wife defense administration response him matter station number old child","2002-02-07 06:00:19"
"480","353","Forget leave help according see situation leg central other","2009-10-17 04:08:55"
"199","260","Boy least energy attention star fast ten wife get attention he almost","1984-06-25 20:14:15"
"163","479","Blood western resource reveal game ago fear develop central crime design concern employee","1984-06-12 14:08:05"
"350","178","Beautiful use huge reduce knowledge plant budget chair technology","1988-11-21 04:41:34"
"473","181","Bag form guess model chance simply","1984-07-03 16:21:38"
"464","42","Out ask radio series successful back","2002-06-05 03:02:49"
"493","487","Sure here prove oil gun middle","2007-10-15 17:57:17"
"71","138","According theory collection eight produce sign benefit","2018-03-23 21:53:43"
"53","176","Project yourself memory treatment whom plant face experience right every hand major would","2019-10-16 11:31:43"
"75","353","Affect develop just think local paper","1984-02-26 08:56:11"
"221","211","Tax particularly party try read name information drop husband language conference raise","1975-01-15 21:25:58"
"213","311","Behavior effort family community morning again very cause radio","2015-12-05 15:20:09"
"464","219","Pm role participant want provide will","2002-05-29 12:59:49"
"350","148","Near summer establish to dog full certainly small","1988-11-25 17:06:34"
"428","499","Newspaper color prepare job character focus it before available may","2017-03-20 01:06:24"
"124","466","Respond worry sit full before experience find","1980-04-08 15:12:19"
"464","325","Reach face set each create science science final artist professor","2002-05-24 23:06:49"
"94","485","City clearly marriage house media whatever after news actually think","1986-03-30 09:13:40"
"337","167","These goal party son million well low human break note return","1976-01-26 07:29:10"
"21","485","Defense expert behind we beautiful stop simply society art state scene","2017-07-10 23:59:54"
"214","266","Listen nation theory Congress behavior western against civil","1977-02-13 13:57:35"
"339","306","Mother morning may kitchen itself fall left end","2004-11-14 01:26:38"
"169","273","He industry cultural nature ball exactly manage small friend despite least save","1978-01-07 14:22:32"
"407","277","East skin miss sell president cut throw","2022-08-26 07:02:31"
"58","285","Box for me lay Democrat color difference need remember among kind boy avoid","1999-01-13 15:27:10"
"75","252","Surface wind protect those clear certainly lawyer argue they especially character interview company","1984-02-22 18:13:11"
"174","232","Organization method argue step realize account change similar test second I ago","1985-09-19 14:55:43"
"156","138","Generation myself structure them class physical activity","2022-07-25 19:05:38"
"63","152","Minute finish different early hope world stop gun often best","1981-06-10 01:27:39"
"202","404","Serve star resource start success thing sell billion case pattern shoulder next","2018-03-03 00:00:23"
"11","137","Wrong instead process behavior financial change miss president among no find set trouble watch","1974-10-24 05:37:10"
"456","364","Would seek investment since or personal reveal particular these fall safe","2006-02-13 05:04:11"
"63","120","Matter especially again with trip consider successful particular both away within kind","1981-06-10 19:37:39"
"67","205","Star program cup force page plant free deal","2001-03-09 06:06:29"
"94","394","Community economic writer politics service this interesting author bit include","1971-10-08 23:17:26"
"53","496","College finish successful ground industry size morning phone dinner yard","2019-10-18 09:06:43"
"310","412","Military why itself box college professional current smile identify worker direction situation speech","2009-02-02 18:53:11"
"58","378","Nor wife bring well conference support box sound","1999-01-14 09:22:10"
"35","160","Street suggest measure coach plan son almost tree radio value drop child yes","1988-12-06 02:36:21"
"377","156","Deep to second close wish ask movement find consider door collection involve discover","2008-08-27 09:40:52"
"248","279","Us create professional week defense later spend follow national this like","2004-01-21 05:06:39"
"200","26","Across couple one trial television interview mission off get","2009-06-27 05:51:03"
"212","293","Group raise fear low son contain staff represent brother hope glass describe","1987-01-20 21:04:58"
"289","47","Establish treatment weight mean later best both activity nation","1993-08-15 19:19:54"
"210","350","Entire important onto former consumer provide mind","1993-01-14 23:20:25"
"116","294","Stand leader opportunity night enjoy least old require player sense region","2011-06-24 15:05:51"
"198","167","Right along reflect current sign usually control pay provide TV heart family parent","1995-07-23 15:02:23"
"163","315","Rise notice let explain thousand ahead his policy goal","1984-06-10 01:02:05"
"213","402","Talk side recent life reality play city","2015-12-09 07:50:09"
"443","31","Shake truth your she theory manage finally magazine administration own your","2016-03-19 22:02:05"
"63","19","Suggest first certainly area hospital guy day week type","1981-06-01 13:31:39"
"41","147","Pattern figure require whole into spend half produce rest while course safe foreign the","2015-05-27 00:18:48"
"62","214","Thousand a everybody study despite discuss","1977-05-03 11:20:17"
"428","306","Think also couple plant respond speech wait professor above leader like","2017-03-25 12:27:24"
"498","293","Brother my low school government maybe piece project through TV head oil heart","1982-07-24 04:08:35"
"474","247","Approach voice know energy big painting available","1992-09-15 04:34:16"
"53","414","Sense many operation score mission hospital explain standard","2019-10-16 07:43:43"
"471","233","Continue resource popular baby those high you human wife administration tend effect","2012-03-15 03:14:40"
"215","326","Place think course conference while PM mouth fund who","1970-03-05 03:45:23"
"205","142","Around agency along prepare day ahead often especially both source idea","1992-12-17 16:01:28"
"213","93","Effect entire message process remain method individual sign argue choice speak","2015-12-01 00:20:09"
"424","473","Mr collection less science attention me","2014-05-06 18:24:11"
"173","429","Institution church social around window ask everyone foot represent public","2003-08-01 13:57:27"
"498","132","Modern tell say yeah others though Mrs phone ability","1982-07-18 01:43:35"
"218","455","Strategy subject mission director beat born face","1976-07-10 06:02:20"
"174","193","Design draw drug some goal seat worker democratic others goal sort each","1985-09-10 01:16:43"
"377","203","Trip community church education learn sense central send point","2008-08-28 05:21:52"
"242","439","Reason agreement ten realize player goal act time else investment","2007-08-24 15:49:54"
"332","441","Source sport human hit student quite","2020-01-01 22:08:30"
"337","188","Discover leave lay for information anything American those bit history","1976-01-25 18:26:10"
"182","237","Inside follow cup rise participant control top involve charge eight then","2015-12-08 04:16:12"
"308","149","Letter position drug still west chair","2007-01-14 08:38:17"
"397","469","Program stop race green moment ground worker","2005-10-21 19:57:57"
"140","243","Today message quickly administration star animal","1994-01-10 05:26:06"
"493","365","Positive base could also what science guess similar summer become party worker","2007-10-18 13:40:17"
"185","289","A course anything agency wind determine out career situation marriage rate she","1979-07-20 07:50:10"
"105","72","Perhaps meeting point which assume space someone plant attorney hot record environmental","1981-07-14 23:23:07"
"289","444","Lawyer film knowledge character energy recently term despite wall actually learn","1993-08-15 14:40:54"
"62","421","Democratic again describe garden follow decide rather security","1977-04-30 20:35:17"
"215","414","Over check follow sense only action image foreign one those skin","1970-03-13 06:27:23"
"163","115","Probably save TV class enough area benefit increase want onto brother condition conference","1984-06-23 04:13:05"
"253","29","Enjoy wall both hundred care family air hope military reason","1978-01-15 05:55:40"
"407","41","Study stage still soon east form major hard seem","2022-08-20 11:47:31"
"113","7","Everyone here everybody election return there peace leader college history low","1990-04-07 11:49:19"
"242","197","Street staff north suggest one movie","2007-08-24 14:34:54"
"185","81","Than ball show coach have institution","1979-07-12 13:50:10"
"212","137","Million us send system article turn pick both citizen describe","1987-01-15 15:58:58"
"70","25","Imagine player financial her value should program though would up scene","1975-05-05 18:08:27"
"341","76","Five early behavior tough east less life hold hope the","2007-06-02 19:23:47"
"159","202","She including nice finish middle own stand system floor something key","2003-08-07 11:22:18"
"310","446","Paper natural according series hope kid me year relate within clearly identify","2009-02-15 06:24:11"
"248","322","Future environmental week senior hotel hard","2004-01-22 11:30:39"
"182","103","Fund lead prepare me theory strategy language defense everyone speak","2015-12-04 17:59:12"
"258","264","Maybe use front recently be cold war American provide population arm fill","1995-12-13 23:04:15"
"310","473","List white material moment happy sit action such plan one contain necessary capital","2009-02-16 00:58:11"
"209","454","Computer or find home shake during money lot","1987-01-09 22:23:35"
"433","454","Already product old measure instead question","1989-06-25 02:35:48"
"13","78","Although trade threat window road drive less","1988-01-14 04:16:31"
"105","283","Century anyone save there school black","1981-07-11 16:39:07"
"242","69","Organization someone wait there such pick it skill school education away","2007-08-19 12:08:54"
"253","228","Eat need near behind current discussion early case","1978-01-12 04:48:40"
"480","456","Plan clearly yeah foreign foreign peace quickly attack another","2009-10-19 10:16:55"
"71","139","Degree rich once exist expert my two","2018-03-12 13:52:43"
"159","56","Challenge side blood guess assume find four wide nice clear huge","2003-08-15 17:40:18"
"58","359","Kind decide remain argue lose environmental officer again word condition effect law","1999-01-13 09:22:10"
"156","448","Someone writer walk able food everyone anyone interesting little condition history","2022-07-21 03:59:38"
"218","398","After sort local rich soldier gun sign","1976-07-02 23:15:20"
"493","78","Successful able interview stage question ready board no","2007-10-14 23:07:17"
"288","421","College environment economic during cultural article expect","1974-10-03 00:40:25"
"71","44","Fight tend knowledge career maintain purpose seek citizen","2018-03-15 07:41:43"
"125","483","Maybe report allow oil act involve","1976-12-28 04:03:19"
"11","433","Reflect network keep major much keep","1974-10-13 16:12:10"
"464","359","Glass garden think down car he PM experience example citizen question","2002-06-01 01:23:49"
"350","180","Civil opportunity girl public enter south low just fine","1988-11-28 14:44:34"
"210","305","Environmental back note citizen authority theory box suffer police tough sea score","1993-01-11 07:42:25"
"35","377","Focus real perform win say agency upon write current set machine down my","1988-12-06 09:20:21"
"456","307","Successful build whom let ten level","2006-02-10 20:25:11"
"199","452","Ground decide act live support white chance effort","1984-06-19 06:40:15"
"332","477","Police million floor treat design heart","2020-01-05 21:19:30"
"75","138","Candidate organization decide summer it glass quite","1984-02-17 20:50:11"
"433","392","Staff network growth federal either which together job","1989-06-24 17:21:48"
"456","272","Money role spring son sure nature","2006-02-14 22:38:11"
"163","120","How teach write again actually base picture develop goal room series structure","1984-06-14 21:00:05"
"125","34","Available church base one once message form","1976-12-21 01:20:19"
"159","300","Sometimes every position north debate claim trouble surface theory moment","2003-08-21 20:55:18"
"198","495","Score suggest type game statement beat never loss Democrat popular Mrs lose group","1995-07-23 18:18:23"
"274","170","Challenge process into hope impact wind side official hear majority","1999-02-09 13:33:30"
"224","108","Real skin black cultural experience sign pull pick","2021-01-06 05:39:25"
"156","113","Price peace election government half we happen military reveal I central","2022-07-24 18:05:38"
"397","82","Always create walk product seven such attention necessary truth understand anything quickly","2005-10-21 13:07:57"
