"70","20","Success education behavior early than sort one value cut we","1975-04-30 00:32:27"
"116","483","Hold bar discuss PM force read dog many whatever authority indicate use","2011-07-01 06:41:51"
"163","219","Exist once then kitchen skin machine must work","1984-06-11 23:33:05"
"199","210","Laugh yet significant whose western radio","1984-06-18 20:24:15"
"331","354","Million impact write focus care him reduce","2013-02-24 07:10:27"
"288","393","Other raise dinner better rise action forget leg enjoy seem theory","2017-04-05 23:19:36"
"456","63","Agent right conference involve miss degree close production interesting","2006-02-11 05:48:11"
"433","215","Could politics reveal order feeling price remain feel industry west onto","1989-06-20 14:57:48"
"165","279","Mr treat as particular decision alone once reflect adult race company","1980-09-11 04:57:47"
"124","402","South culture cell high person family get difficult","1980-04-10 05:34:19"
"424","264","Current few name energy east policy pretty business off","2014-05-14 20:04:11"
"310","464","Say southern material memory reflect process staff safe live cultural eat","2009-02-07 22:07:11"
"248","42","West relate yet eye he traditional leave usually leg Democrat tell","2004-01-29 15:13:39"
"182","324","Bad customer mind she article do keep degree expect young","2015-11-30 09:17:12"
"413","484","Travel discuss trip enough detail worker officer effect","2004-11-18 09:49:47"
"308","477","Travel hear world red usually mention anything way","2007-01-15 10:26:17"
"498","421","Must hundred official with interesting practice should mission have","1982-07-25 06:42:35"
"71","469","Price include season full wish society same land","2018-03-24 22:22:43"
"105","177","Even weight always late able size audience enter","1981-07-21 12:29:07"
"213","421","Society role news key argue realize","2015-12-02 00:33:09"
"456","153","Number whose year catch garden once item dream today figure give animal rate","2006-02-11 07:18:11"
"94","345","Continue foreign reach yes religious manager","1971-10-08 10:32:26"
"169","63","Leader tough such her person dog before","1978-01-08 02:12:32"
"464","139","Travel final according eat leave best able society she adult test institution specific","2002-06-01 08:32:49"
"337","357","Benefit example analysis specific lay blue them official chance forget fill","1976-01-29 15:15:10"
"105","381","Off office view hope year suggest","1981-07-19 03:24:07"
"174","308","Mr reach idea court set six","1985-09-14 05:34:43"
"433","193","Military become down hair capital popular gun table local mind exist","1989-06-24 21:24:48"
"351","348","Rather about vote class price simple stuff determine responsibility","2013-05-26 14:06:53"
"274","40","Conference subject him take wait manager","1999-01-28 00:22:30"
"274","354","Notice strong art voice foot value yeah door well light head sing","1999-01-31 00:21:30"
"464","20","Bad she management upon light practice certainly whose current west","2002-06-05 19:00:49"
"331","469","Take teacher table agency thus show heart daughter walk approach","2013-02-24 09:30:27"
"350","131","Activity class produce plant read wait claim","1988-11-24 18:35:34"
"493","14","Prepare draw able source open human budget civil","2007-10-13 05:04:17"
"498","93","Local second system child there character three but debate beyond service expect past","1982-07-14 11:46:35"
"125","229","Perform rise able question writer more worker eat","1976-12-29 20:16:19"
"407","204","Chair west feel your take drug drug eat","2022-08-24 14:42:31"
"174","31","General field human we mind country necessary land","1985-09-20 07:14:43"
"213","194","Learn either magazine senior especially them least cup take nation onto","2015-11-28 21:34:09"
"347","39","Teacher suggest help meeting coach probably drug which tough","1981-04-19 12:08:26"
"209","314","Mouth suggest by of report stage","1987-01-11 18:05:35"
"156","431","Our case animal space call work arrive audience","2012-08-27 14:36:41"
"13","14","Under consumer month at customer determine here face job cause huge","1988-01-16 11:35:31"
"185","42","War simply body wind sure likely suddenly bag cup air effort traditional","1979-07-09 18:10:10"
"288","377","Magazine positive hotel condition listen organization for red pass","1974-10-09 00:02:25"
"156","229","Page town idea remember free guess consider","2022-07-19 01:14:38"
"67","314","There its network forward medical admit","2001-03-23 07:28:29"
"197","231","Chance discussion when without speak fear bring rise","1970-03-20 04:01:58"
"53","341","Expect change majority market six cultural fear hour kid","2019-10-11 12:47:43"
"464","442","At public tell life early movie tree past listen pull wife nearly","2002-06-08 09:50:49"
"94","149","High cause ball less family anything make add time indeed certainly that clear","1971-10-03 13:11:26"
"163","14","Itself language appear ball move blood data","1984-06-22 10:49:05"
"331","282","Republican television statement read drug artist small sit","2013-02-17 07:24:27"
"156","343","Either country issue all west us itself president","2022-07-25 01:22:38"
"197","306","Over find million audience second quality into follow garden raise history realize","1970-03-17 14:37:58"
"308","156","High memory no nice personal shoulder","2007-01-15 11:14:17"
"105","306","Few budget among woman rate from fear","1981-07-22 02:40:07"
"159","165","Tend official happy over market any fire machine","2003-08-13 04:06:18"
"205","204","Discover record old body effect itself personal college body could morning start vote","1992-12-10 16:24:28"
"200","149","Account suddenly unit activity its clearly second real body painting notice beautiful","2009-06-17 04:38:03"
"242","281","Simply next task factor case early project who TV","2007-08-28 14:28:54"
"288","465","Media cut prepare owner carry politics","1974-10-11 11:19:25"
"258","348","Perhaps on reflect tell seven technology offer able customer former role son pattern begin","1995-12-18 17:19:15"
"94","484","Live condition save international conference future front break defense player yeah","1986-03-25 10:29:40"
"63","219","Risk still feeling near imagine everybody age","1981-06-12 16:43:39"
"248","348","Fund evening financial seek response though appear day cost bad analysis without cause","2004-01-28 02:45:39"
"70","215","Few suddenly sport agreement record fine window prove","1975-05-04 18:00:27"
"428","54","Than organization happen catch technology daughter last large apply exactly approach result","2017-03-26 09:44:24"
"116","345","Player population ball happy almost rule","2011-06-21 00:37:51"
"242","206","Adult all fall collection serve focus feel","2007-08-23 21:26:54"
"200","443","Though customer region size energy feel almost whatever have","2009-06-18 22:09:03"
"94","204","Trial nation we last where play others","1971-10-03 07:10:26"
"140","465","Light hospital west how similar attorney person religious","1994-01-09 22:32:06"
"205","467","Always determine pay foot fall coach night recent teach production some heavy","1992-12-10 02:04:28"
"274","68","Difficult seat land character air baby concern","1999-02-07 06:49:30"
"424","193","Together deal brother late stay whom speak group fine set site","2014-05-18 00:57:11"
"218","314","True drug represent power challenge government","1976-07-10 19:43:20"
"487","483","Serious reflect record everyone factor not view data staff energy decide first civil","1975-04-18 16:46:36"
"26","308","Price market ready own skill and idea wrong enjoy property figure nice","2007-07-25 21:02:19"
"163","348","Design century economy adult officer statement","1984-06-15 23:38:05"
"23","281","None fall into minute factor every painting area side player what pressure","1989-07-21 09:07:17"
"218","81","Cause look quality assume event term any ground","1976-07-03 14:36:20"
"62","74","Gun direction sport reach production result religious executive officer better fly couple","1977-05-07 18:38:17"
"182","174","High significant by cover design able","2015-11-28 23:12:12"
"224","470","Western kitchen Mr her billion type least prepare yard executive former onto","2021-01-01 11:48:25"
"310","129","Heart watch east religious standard cost","2009-02-02 14:27:11"
"136","431","Democratic set figure civil listen book","1981-11-30 06:33:34"
"350","42","Chance investment buy player staff page","1988-11-19 23:04:34"
"212","494","At culture leave most analysis song may hope keep budget exist total reflect","1987-01-20 04:56:58"
"202","431","The office face least value eye sign issue central","2018-02-23 03:18:23"
"173","382","Sign country discover onto thing talk control past husband experience try defense","2003-08-04 06:22:27"
"185","261","Box kind health successful yes cup","1979-07-10 10:01:10"
"182","204","Could anything something alone whatever full kid if","2015-12-03 22:09:12"
"471","54","Window party huge science throughout upon lead word later country","2012-03-11 00:19:40"
"135","51","Rise call role sing as hair just room best","1991-08-31 07:39:15"
"26","20","Though receive fear while art activity address movement since accept win","2007-07-23 14:07:19"
"487","238","Year start culture throw policy would sound result example fall success sense energy local","1975-04-22 02:00:36"
"242","87","Simply sing everyone rather discuss culture see these individual consider","2007-08-25 07:09:54"
"159","381","Laugh real toward right ability sort suffer describe standard his back wait","2003-08-14 01:02:18"
"212","73","Visit democratic recent kind here hospital population develop","1987-01-15 11:29:58"
"174","469","Really ago box sport address attack weight week effort easy","1985-09-19 01:59:43"
"89","42","End race test health return artist shoulder six current reality","2000-10-15 16:20:23"
"75","261","Tell entire pretty production building certainly movement drug know","1984-02-17 17:20:11"
"428","271","Writer discussion trade husband may wall country event","2017-03-25 14:09:24"
"428","479","Friend finish finish leg ask page billion","2017-03-26 02:13:24"
"41","51","Measure research task these per for last","2015-05-30 14:40:48"
"11","8","Late behavior report body his message stage occur large","1974-10-24 21:14:10"
"210","415","Still of body own page including everybody maybe piece agency offer century political","1993-01-19 15:54:25"
"253","279","Deep try trial thus recently enjoy skin own very","1978-01-13 19:07:40"
"199","356","Couple he despite entire nature perform sometimes office","1984-06-21 17:23:15"
"63","237","Building health start popular ready light end truth","1981-06-07 17:19:39"
"493","333","Yeah teach health put part between sea approach color look feeling treat","2007-10-11 10:45:17"
"424","226","Three record instead because operation itself but serious arrive wish","2014-05-16 12:42:11"
"159","87","Order challenge become management model often feel","2003-08-16 09:42:18"
"11","177","Realize treatment available his clearly film","1974-10-18 01:48:10"
"94","465","Ago politics population Democrat computer talk catch","1971-10-09 00:35:26"
"407","421","Responsibility grow even impact professor event","2022-08-23 00:14:31"
"248","193","Explain kind forward how decision reduce beyond above lawyer debate challenge","2004-01-31 01:18:39"
"221","68","Situation degree hit again pass tell of future should Mrs step show","1975-01-22 15:18:58"
"70","118","Station upon draw watch important lead population action talk","1975-05-03 19:55:27"
"410","39","Leader history indeed top per step series new hotel management guess once","2002-01-29 08:53:19"
"498","127","Allow loss Congress skill part whose perhaps since turn along mind","1982-07-26 10:08:35"
"341","381","Middle executive not their region reach bit low","2007-05-23 21:25:47"
"332","445","Year year bank pretty present laugh yet experience score goal list unit","2020-01-02 22:17:30"
"140","261","Out among ago send read scene writer you attack","1994-01-09 21:12:06"
"209","118","Affect talk town finally board house month where fear summer card natural","1987-01-12 05:04:35"
"214","206","Attorney Republican office approach financial his blood understand manager bank clear pretty lawyer","1977-02-24 19:00:35"
"214","31","Four realize scientist law affect first action beautiful actually","1977-02-17 22:18:35"
"70","324","Your bit investment board early democratic pick high car fall institution current fine","1975-05-01 10:33:27"
"140","357","Ever exactly question lay blood available determine score dinner born agency","1994-01-15 06:05:06"
"198","215","School management pick young place character without everybody hair likely west light along","1995-07-24 14:25:23"
"13","357","Change thus quickly stop industry couple old population according kitchen great","1988-01-11 05:01:31"
"58","204","Daughter officer indicate prevent alone by apply","1999-01-11 02:00:10"
"221","483","Military better nor woman ok base whole everyone executive drop executive","1975-01-12 06:48:58"
"443","261","Pretty make than gas get until very environmental seven line cell create reveal","2016-03-27 18:28:05"
"391","445","Authority receive method enter book material","2011-06-28 21:27:46"
"75","308","Side professor computer detail let woman what production become ago","1984-02-17 19:23:11"
"197","453","Share see sort rate require nothing","1970-03-25 18:06:58"
"23","174","Yet doctor manage game easy step sense management born past full large among","1989-07-24 02:09:17"
"71","271","Board ahead relate various realize among huge nation me","2018-03-17 19:48:43"
"125","271","Discussion investment relate land information ten describe many accept ok","1976-12-28 21:41:19"
"75","306","Suggest like she draw clearly baby fall","1984-02-17 07:15:11"
"332","268","Boy oil certainly campaign among street throughout rather","2019-12-31 20:05:30"
"377","25","Message marriage strategy should protect common decade free face stage bar","2008-08-19 18:32:52"
"94","356","Series trouble future model society meet seat as TV generation into computer arrive","1986-03-23 22:37:40"
"118","453","Weight number small across few animal","1995-07-17 14:18:45"
"215","204","Painting read similar though individual pass charge","1970-03-09 16:42:23"
"94","275","Go summer safe hit task enter event back capital","1986-03-27 13:47:40"
"156","14","Drug she when career clear small culture find ability would pattern explain","2022-07-21 15:59:38"
"215","31","Improve debate phone detail power need difficult lead say available gun can","1970-03-13 02:18:23"
"140","64","Property fight camera heavy laugh ability grow later Democrat choose view rich crime","1994-01-16 02:55:06"
"377","282","Point offer professor same past heavy specific make challenge yes","2008-08-19 00:49:52"
"310","356","News through consider to determine spend evidence including fish project direction expect","2009-02-06 22:46:11"
