"470","2003-05-09 10:36:42","Market six cultural fear hour kid"
"459","2011-02-23 09:52:37","Military fight listen start attorney west couple station when less protect card"
"194","1972-10-05 23:06:48","Low high cause ball less family anything make add time indeed certainly that"
"83","2002-03-26 15:14:25","Hundred itself language appear ball move blood data"
"5","1970-06-17 01:31:16","Consumer it political goal event reflect sport day day box speech either country"
"220","1972-02-19 05:35:15","West us itself president hospital score over find"
"265","1972-12-12 14:05:14","Raise six training change reach myself"
"291","1996-03-29 05:14:42","From option high memory no nice personal shoulder story"
"403","1979-08-17 06:37:15","Can available poor process Mr provide staff choice do"
"338","2009-05-03 05:01:08","Listen run resource read deep truth impact particular fact themselves"
"236","1977-06-15 05:41:25","Effect itself personal college body could morning start vote call company service"
"3","2013-10-23 21:47:31","Activity its clearly second real body painting notice beautiful three hospital"
"397","1994-03-05 13:19:35","Personal least exist what join determine right bank then law baby think truth"
"83","2011-01-11 11:52:40","Carry politics soon member world serious"
"442","2012-08-20 11:58:00","South half second common join special PM authority parent mother agreement weight moment"
"389","1990-10-13 14:19:08","Yes under live condition save international conference future front break defense"
"325","2010-07-23 14:07:55","Tax bring left perhaps write each month school"
"474","2006-09-26 06:57:41","Sometimes fund evening financial seek response though appear"
"105","1973-02-12 02:21:37","Energy size set size off spend east side"
"154","1994-09-20 17:05:54","Be Democrat state physical career often"
"355","2005-01-26 05:17:59","Month charge new me song chance open himself if per property wife his"
"6","1975-04-25 23:01:28","Population ball happy almost rule none group adult"
"16","1993-06-06 16:26:43","Drop century that interesting look second during forget not"
"258","2023-06-19 15:46:10","Energy feel almost whatever have ago learn trial nation we"
"230","2020-01-09 09:18:43","Simply story deep light hospital west how similar attorney person religious development husband"
"20","1999-12-04 07:28:45","Another fine that thousand condition year environmental free"
"233","1995-09-25 10:37:07","Detail feeling behavior moment which consider hear within believe indicate"
"242","1991-09-22 08:50:50","Together deal brother late stay whom speak group fine set site"
"329","2011-02-03 06:32:17","Account professional perform national result result drive"
"302","2012-01-16 02:53:57","Record everyone factor not view data staff energy decide first civil"
"458","2014-11-26 15:49:03","Position spring price market ready own skill"
"22","1997-06-09 00:31:55","Wrong enjoy property figure nice woman office wrong air find physical"
"266","1971-04-01 08:52:10","Officer statement idea bit since sort none fall into"
"266","2021-07-19 18:08:13","Popular technology foot west then remain board action leg"
"81","1979-06-22 17:22:04","Look quality assume event term any ground"
"311","2010-09-19 18:28:25","Likely peace drive to tax class hope piece"
"111","2009-04-03 04:03:58","Now quality production risk appear claim approach"
"186","1983-03-03 21:08:53","Design able maybe hope something western kitchen"
"274","1990-11-09 04:22:35","Them sense fire down economic carry few such us hundred"
"29","1995-07-07 18:33:56","Watch east religious standard cost trial property democratic"
"389","2019-02-25 00:44:25","Say generation war head career way street ability management"
"179","1978-06-24 05:19:57","Player staff page participant enjoy partner voice process"
"417","2006-02-24 06:19:50","Road imagine everybody discussion someone business"
"103","1982-02-11 02:36:05","Once enter skill use final usually"
"147","2006-05-30 16:15:41","Issue central national relationship million father for conference"
"126","2008-08-10 07:32:45","Campaign to everyone recent item firm often theory"
"58","1972-10-11 23:56:06","Might loss citizen party military recent court analysis vote industry onto"
"119","1993-01-06 16:33:21","Kid if and rest window party huge science throughout"
"475","2021-02-19 04:24:52","Provide west green arm I share rise call role sing as"
"186","2018-12-23 21:36:09","Sound impact suggest laugh letter admit push boy middle author environmental"
"280","2006-06-04 05:20:19","Seem seven campaign technology phone writer"
"393","1983-06-01 04:41:20","Throw policy would sound result example fall success"
"386","1984-06-20 23:12:16","Middle also sister what whose generation even avoid her"
"248","1985-09-14 10:15:50","Series model more ability modern argue month sit"
"204","1983-02-15 02:11:42","Ability sort suffer describe standard his back wait every coach"
"480","2009-04-05 17:10:02","Protect visit themselves society task as pressure training"
"312","1991-07-17 03:49:25","Paper threat air process just cost"
"6","1987-05-02 07:45:05","Easy development center end race test health return artist shoulder six current reality"
"137","2021-05-08 06:10:45","Idea tell entire pretty production building certainly movement drug know"
"435","2018-04-17 11:34:37","Detail step might why upon provide different today forward talk on friend"
"160","1991-05-12 14:09:16","Leg ask page billion probably month style measure research task these per"
"167","1970-02-26 22:51:49","Section suddenly TV practice late behavior report body his message stage"
"292","2020-04-30 18:55:25","Campaign attack other cup discuss drug mission seven stay process myself"
"333","1971-08-17 03:43:27","Result day situation whole religious deep try trial thus recently enjoy skin own"
"479","1992-07-31 21:19:33","Whom teach role purpose couple he"
"111","1988-02-06 12:30:33","Nature perform sometimes office national cultural"
"419","2018-04-19 05:46:41","Building health start popular ready light end truth"
"179","1978-08-04 00:51:52","Start traditional yeah teach health put part between sea approach"
"87","2006-08-27 21:41:12","Blood rock bill bill until three record instead because operation itself but"
"387","2018-12-18 00:43:15","Policy item few business drop physical"
"309","2003-08-09 03:03:48","Model often feel little me realize treatment available his clearly"
"157","1989-08-13 22:39:36","Data shake ago politics population Democrat computer talk catch kid security"
"367","2019-08-22 02:26:39","Single attorney force quickly hot task his explain kind forward"
"202","2016-08-30 20:50:52","Beyond poor writer return specific fear become stop"
"259","2004-08-28 06:46:22","Degree hit again pass tell of future should Mrs"
"423","2003-07-22 03:03:49","Cold station upon draw watch important lead population action talk culture data"
"234","1977-02-28 23:47:21","Personal guy store just cell employee join big up add"
"197","2007-07-01 15:49:04","Know still sign care little support market him point write sister"
"301","1989-06-21 21:25:53","Conference office travel shake similar sign"
"110","1977-02-14 23:12:13","News whom strategy tell forget material a machine either arrive keep inside"
"50","1989-06-19 14:44:16","Score goal list unit interesting year"
"156","2010-09-27 00:08:05","Radio both hear make debate understand"
"150","1974-07-24 02:03:52","Determine affect talk town finally board house month where"
"152","1979-01-23 18:29:06","Natural summer term worker respond attorney Republican office approach financial his blood understand"
"253","1999-03-07 21:36:32","Small film college north watch poor four"
"354","1992-12-28 13:39:18","Property reflect statement scene two without close skill them your bit"
"219","1977-05-29 17:59:47","Ability surface move attack production we human customer bar"
"137","2018-12-29 23:52:17","Ever exactly question lay blood available determine score dinner born agency"
"490","1983-04-24 21:33:28","Boy pattern young movement serious less though state blood"
"69","1994-10-06 17:17:56","Likely west light along into direction change thus quickly stop"
"214","1984-05-09 21:51:05","State Mr point down education available finally student"
"104","2005-08-31 22:49:26","Something hit more far movement score thus all military better nor woman ok"
"43","1974-10-02 19:25:14","Night situation production marriage director party century box artist"
"211","1993-08-05 15:55:10","Until very environmental seven line cell create reveal participant"
"394","1973-03-08 14:45:54","Set example check do theory commercial"
"425","1997-02-02 10:05:10","Forward public we range national above sport degree keep such young"
"268","1987-06-13 11:23:40","Share see sort rate require nothing"
"260","2013-12-07 08:31:01","Painting large contain tax investment public safe image view cost"
"124","1993-01-11 20:40:36","True new not environment list ability bar would police look choose"
"30","2004-04-02 14:01:15","Soldier far discussion investment relate land information ten describe"
