"256","david40@hotmail.com","8644 Hayes Knolls Apt. 670
East Jessicabury, CA 43113"
"453","lowejay@yahoo.com","0999 Karen Fort
Wanghaven, AK 84259"
"326","mooremark@yahoo.com","00389 Jeanne Mill
Amandaburgh, WY 77597"
"264","amber50@hotmail.com","USCGC Pugh
FPO AP 79986"
"434","taylorcarla@gmail.com","535 Turner Stravenue
West William, MP 56127"
"162","christopherpaul@yahoo.com","8080 Kelly Run
West Franciscoside, WV 74799"
"274","sferguson@hotmail.com","USS Gill
FPO AP 89278"
"139","williamsandrew@hotmail.com","94469 Chase Ranch
Emilyview, NV 63811"
"287","zdavis@gmail.com","7896 Miller Square
West Olivia, RI 34019"
"439","mary31@gmail.com","6140 Paige Station Apt. 527
Alexafort, MP 07918"
"305","darlene25@yahoo.com","0902 Michael Tunnel Apt. 750
South Jeremy, AZ 36051"
"260","uthornton@yahoo.com","7665 Michael Rapid
Port Rhondaville, GU 88605"
"342","russelljuan@gmail.com","815 Robertson Crossing Suite 004
Michelleport, MH 34052"
"184","thomas10@hotmail.com","136 Troy Rue Apt. 931
East Kyleside, OH 04534"
"19","tarmstrong@gmail.com","01633 Patrick Knolls Apt. 312
North Brittany, MN 83930"
"499","cindyreyes@gmail.com","48567 Spencer Inlet
Frederickview, NV 44618"
"144","chelsey16@hotmail.com","9335 Mark Inlet
Jamesfurt, MH 66453"
"283","davisamanda@gmail.com","3367 Robert Brook
West Luke, AS 73983"
"241","eddiepowers@yahoo.com","6519 Linda Rest
Lake Melissa, FL 91010"
"417","codywilliams@yahoo.com","78091 Crawford Radial Apt. 540
Alexandriamouth, ID 57528"
"481","ehunter@yahoo.com","285 Shawn Meadow Suite 653
Gabrielburgh, NJ 19646"
"113","collinsjill@gmail.com","77829 Chelsea Parkway Apt. 159
Jordanville, DC 73177"
"432","emily25@yahoo.com","19771 Jeremy Locks Suite 945
Hardyville, IL 64280"
"294","trevorjames@yahoo.com","Unit 5516 Box 7110
DPO AP 87496"
"232","christopher79@gmail.com","5263 Bonnie Ville
East David, NV 79800"
"151","torresdavid@gmail.com","496 Castillo Tunnel Apt. 618
Figueroashire, NC 68100"
"107","felicia88@hotmail.com","972 Steven View Apt. 192
Sarahchester, AR 44217"
"397","ischwartz@gmail.com","286 Stein Parks
Tonyburgh, SD 98573"
"61","diazjared@gmail.com","52293 Cook Knoll
Lake Tammie, AK 47801"
"176","blakecurtis@yahoo.com","433 Jason Spur Apt. 271
Ellisport, MN 13615"
"37","michael75@hotmail.com","28495 Jessica Greens
Margarethaven, IA 95331"
"29","robertlawson@hotmail.com","9314 Webb Circles Apt. 869
Robertview, PR 39379"
"18","charlesjames@yahoo.com","78605 Estrada Fort Apt. 360
South Loganberg, MN 28365"
"95","jcole@yahoo.com","2160 Marissa Fields Apt. 846
New Elijahmouth, DE 20334"
"354","melissalewis@hotmail.com","77760 John Falls Apt. 688
New Austinhaven, MN 37712"
"0","susan53@gmail.com","00091 King Bypass Apt. 204
Port Kelsey, CA 36848"
"48","beckeramanda@gmail.com","07365 Belinda Ranch
North Eduardoville, CO 79679"
"207","ashley49@yahoo.com","928 David Key
West Elizabeth, RI 38373"
"64","echang@yahoo.com","924 Smith Land
Alyssafort, WV 70477"
"30","roblesbarry@gmail.com","2434 Owens Squares
Richardton, PW 65322"
"329","lcarter@hotmail.com","03868 Bryce Summit Suite 029
West Erica, MP 52653"
"137","iwood@hotmail.com","887 Jimmy Landing Apt. 785
Port Stevenburgh, NM 88615"
"67","wilsonchristina@gmail.com","12090 Mccann Rapids Apt. 690
Terriland, HI 54893"
"84","kochdaniel@hotmail.com","USNV Smith
FPO AE 19011"
"495","earlcastillo@hotmail.com","939 Parrish Ramp
Lisaburgh, KY 48611"
"302","paulacarr@yahoo.com","3568 Maddox Land Apt. 486
Markborough, WA 13042"
"474","chelseabooth@gmail.com","87173 Brian Ferry
Bakerchester, OK 97841"
"408","ilynch@gmail.com","542 Nicole Wall
East Calebburgh, DC 42155"
"270","iramirez@gmail.com","416 Turner Wall Apt. 538
Davidton, MS 41381"
"405","richard49@gmail.com","4222 Larry Shoal
Washingtonburgh, AR 69985"
