"0","tamaramorrison@hotmail.com","pbkdf2:sha256:260000$7dz6ZoxiQUY7AnLa$783fa24e6de8502e06eb47fe8bfabedc21775450bcd749144620982f8ebba359","Gary","Cross"
"1","woodtina@gmail.com","pbkdf2:sha256:260000$p0vb0OT7sshoyjhR$55b1831c3ab0caf2fbf053e7864bd7eded85355eb915bed48dde2f1dc99c598b","Denise","Thornton"
"2","rogersbrandon@yahoo.com","pbkdf2:sha256:260000$E2TvmQFon5N5l8MR$51d7e494658fee1201c76283fea7d6e784917be2c9ba7258a33f595f241d2942","Christina","Saunders"
"3","davidbanks@yahoo.com","pbkdf2:sha256:260000$ZfSnn1e3LNX1beoR$025809d9f8ec49d876ce3200704bebf9f63b74f92b6beeddfb542a8d0daeab5a","Kathleen","Collins"
"4","samanthasims@yahoo.com","pbkdf2:sha256:260000$NugXEXHd9xfFAckr$cd48dccb69a59f830c79b551f7b80c3fd375396db3988b391d85632961349a4a","Timothy","Parker"
"5","amyvelazquez@gmail.com","pbkdf2:sha256:260000$CSHt2rbh1mtFSCR3$3eab096f4fa9278fdd54abdbb7c4a085c0daceb85eb46db4dfb020610577f41e","Dr.","DDS"
"6","dpatrick@gmail.com","pbkdf2:sha256:260000$XeYuF2pioHYkYl7M$7a08de65a2305ad489200219e20ed5704f529f04767ed0c51570b4059c467189","John","Gibbs"
"7","huberrachel@gmail.com","pbkdf2:sha256:260000$mot66rgsqlWRQI66$b24a9851e726be7e8b2f78b050058e5fd15f4ed0058b62427388f2c83d61bcf3","Julie","Chen"
"8","karicarter@yahoo.com","pbkdf2:sha256:260000$ciE5zvkIcPUhyb0C$7434dee2a40f2a73477bd87e6b9d7ea3a5c5a91f62f7b6437a3c90a8633f6325","Ashley","Cooper"
"9","bramirez@gmail.com","pbkdf2:sha256:260000$MsPcAj5HrTBGV6VC$5de152037f12ec8a88caccd492e23fb22623cec0f3cd8ad40c1098cf38f7ea98","Christina","Smith"
"10","mcdanielchristopher@hotmail.com","pbkdf2:sha256:260000$aQ8ikvoCE40nfAjM$0a34b5810f2232cdcf405b0da0571596ad48c39676088ed79bc8e2ad3a0c9275","Leslie","Taylor"
"11","fcarpenter@yahoo.com","pbkdf2:sha256:260000$UJyubmwe0fFos2Iv$88fc06780341dc62ae4bd996441d8ed50836a39f15c26fc1ffc580f27ef42acd","Amanda","Schultz"
"12","nhenson@yahoo.com","pbkdf2:sha256:260000$i794Cw3sk8rkuwiL$ccde275885b0293ab31b4c9fc5313479a74221b2480688a561cc021e220397b4","Kristen","Smith"
"13","taylorjamie@yahoo.com","pbkdf2:sha256:260000$n6k5faJZn61hLyGf$30f149bef0f2ea42efd2f8cce89c6c514283a9a38dc0208dc69493b7ea615be7","Mitchell","Payne"
"14","areyes@yahoo.com","pbkdf2:sha256:260000$Oqc1BT9DMYPJcKyA$287e7db01b63f92b36a313a549771046f4abccacdf38ac4bce3ff9ca0a1504ba","Katherine","Brown"
"15","zmorgan@yahoo.com","pbkdf2:sha256:260000$QgVh0dY6zo6r9S05$989987e1be4eebb4ec72bd00239af0bae4bbe219d3cabcb9b81e923b3fa7c612","Jessica","Hancock"
"16","rfischer@yahoo.com","pbkdf2:sha256:260000$YpUs8UhDlpCjRd7r$9534a7e40c26bd2b739536e6d58cd651c4ad09bc33437ce4b1ba398ad24a7dbe","Gloria","Smith"
"17","vasquezkathryn@gmail.com","pbkdf2:sha256:260000$LV1xUsZTw5eqH1KL$d516de59afe5d7d8623d819a6d65f1899eadebb3b64944da70f1c3c70fe8b28c","Miguel","Shields"
"18","kimberly87@gmail.com","pbkdf2:sha256:260000$st64i8MaJUW8Y0VS$43d41867ad1946cae4c36e8a1e6a9f14c8e555cd9bdeba7ce3ec0e220c913ebf","Kyle","Powell"
"19","wbrown@hotmail.com","pbkdf2:sha256:260000$5ba2G1PyiaCKn5VY$5e9e6beead3ed9d1e01d58f58eacfd6e54ad9c34729569e2d77cdf5e0e0b8482","William","Hensley"
"20","pwilliams@hotmail.com","pbkdf2:sha256:260000$AE7rIQNPzs3coCVD$0ad185de16b2cdd7931306ee4bc96650ee5b11deee4903c1b1ad4b370d99388b","Brett","Donaldson"
"21","houstonwhitney@hotmail.com","pbkdf2:sha256:260000$AAo2e9FETjgifObO$5012b75e18f959b11c3335b4c28b1256bbfbfe6a0512fd55a48ecdba9c08f5c8","Thomas","Cook"
"22","pford@hotmail.com","pbkdf2:sha256:260000$Gug8Y1dYYedLHiz3$96dea5d3284a2e7698c0a0783ddd7e950513103beec45dd0362557ec3f3b5b6b","Tina","Thompson"
"23","elizabeth32@hotmail.com","pbkdf2:sha256:260000$UKfJdALfSyhh95tX$0d511e2d253ff137606b363f42df6aaa887d626bb3c9bbbb6b565c5a79efc26f","Lauren","Walters"
"24","nancy51@hotmail.com","pbkdf2:sha256:260000$UuZZHSPHEEtQFGis$92805a58680481bf236f672a6707814692032f65830d4171f1e173bd0114f1fe","Troy","Hawkins"
"25","danielrobles@yahoo.com","pbkdf2:sha256:260000$CH1IUUgcjPmDT0VR$56a84f2fe6d072901a0be9167b83f48eeaf0f5d3e779a8d8e68391b482191f4f","William","Bray"
"26","griffinpamela@hotmail.com","pbkdf2:sha256:260000$E5nkyu4401F5f7YY$6137c5e62b8e0c4c79ff852bb4b9fa6962124cda759b9cf3b71a29af3c3a8ecd","Melissa","Wells"
"27","qmyers@yahoo.com","pbkdf2:sha256:260000$ymRbkexg9U7S1AA3$d0cdb8810f0e4fe3dde1c3e20b28b066a1e33a2a1603313643c417564c6bb538","Amy","Sanchez"
"28","jeremy94@gmail.com","pbkdf2:sha256:260000$j7upgtP90cqXPqEB$23884e4ce73b813b96ca433b889f20b695008ff578eddee1cfa410cba30cec8a","Joshua","Jones"
"29","wendysteele@gmail.com","pbkdf2:sha256:260000$0PxnFvJOliAVwzMI$75bb9ac8361fedb34e58c07ed9bc47faa2aae9817144629ed093c1f088e9b5ba","Zachary","Garcia"
"30","hartmanrobert@hotmail.com","pbkdf2:sha256:260000$Q0DERNXYn9kT4nPS$717429bdd11a17d15b98a5e60d5d0db817d37a3039d60cbba721ba18827c608e","Kim","Ortiz"
"31","martinezchristopher@gmail.com","pbkdf2:sha256:260000$RxdTXKMFKCQNKdAR$9a2e8e08637aca89383089a6130519c4b5d4cc369ec72c2bb50cf8b76cce044b","Kristin","Ibarra"
"32","qstark@yahoo.com","pbkdf2:sha256:260000$T4uPjTHsnx02kFlZ$f96a8b19d624d50ce5cf0bf2639cb9fcb79618ae0ecec29cda9b88fed646b4f8","Eric","Taylor"
"33","waynebarnes@yahoo.com","pbkdf2:sha256:260000$CTcvVuSZxaANx2jW$a6967e9fe4b9f6829b5bc658f3da757dcf0886f149e90f1c0370b9a7c7730d0b","Daniel","Mccall"
"34","vschneider@gmail.com","pbkdf2:sha256:260000$pDDjKrh8V9DXSi02$efe125aa60cfbab2afc1074bffc7638c091485c4d5fb77e7bdcb1e680984ac50","Brian","Kelly"
"35","ostone@gmail.com","pbkdf2:sha256:260000$JXPjpWCtsI4PCEFC$09a3188b45ac477262188fe5c8898555c02558c73e7505baa44d445d87b5181b","Abigail","Hoover"
"36","blewis@hotmail.com","pbkdf2:sha256:260000$koYMtBr2G4c65W64$43f862de0f1c665a01fb8e6d0987a26c00129fc3a36585b923ae9d63a0c2b864","Ashley","Williams"
"37","hbrown@gmail.com","pbkdf2:sha256:260000$YmJEHhK8a3Fn0ybn$06a63dd0008192900075c9adf84413733cb101c991b73d42518158da01eede72","Edward","Hill"
"38","joylowe@yahoo.com","pbkdf2:sha256:260000$gsakt2rzkHedu9oH$6f31c59b9cf66524765fd17e006519aeeb975dda794ec23cdcec5e45545fc907","Chad","Bridges"
"39","sandygarcia@gmail.com","pbkdf2:sha256:260000$5aBwwCAB6LnPJ5eW$d5a7828183b87d106074176cbaf2475d6f5910aa449e7adde489e658605335bf","Dalton","Fritz"
"40","nbaker@gmail.com","pbkdf2:sha256:260000$OuTDqBlnnbqLKyzI$de169be25d0720e41d23419e2e21c1765464a16972d8d22258e24d1b0e6bddad","Erica","Vega"
"41","jenniferbaldwin@hotmail.com","pbkdf2:sha256:260000$40hiaiTKhDvzjSPr$77b7d5ed0d713d7e8c0603a222d932b1999a5999d0fe75d08f31e594e9f856a1","Dawn","Russell"
"42","codyherring@hotmail.com","pbkdf2:sha256:260000$OOpJVoDKqMff12uU$676841c72d8d04b408c9ad41fe69ad2678086a5de3992ff7252ecaf94ad1ae55","Erica","Le"
"43","tgilmore@yahoo.com","pbkdf2:sha256:260000$lxJDvfejsHl9a8F1$4ded5ff996e504dc0c3620e2db3951a77c0a0e6a692bcabd107530e1cf8819fe","Kenneth","Castro"
"44","justinbonilla@hotmail.com","pbkdf2:sha256:260000$JzIdyx5pkrSIZq7a$d886f04048a662ee2224e8619cb80be802f74bf2c3f755624e5f15a99e1aa429","Daniel","Patterson"
"45","webereric@hotmail.com","pbkdf2:sha256:260000$jgwsLuHJTIMFEBj8$ab29c9ef9a1056ef11fd4e20c9adce6c146e0e22b91939e62d5227f5ef252358","Douglas","Yates"
"46","denisetaylor@gmail.com","pbkdf2:sha256:260000$VHt0R5DZ19D0WFxA$9f11b6247d81d4463b22a83154706560b1412f1bdef9debcffcd2d72b48842cc","David","Steele"
"47","jyoung@gmail.com","pbkdf2:sha256:260000$SKz7acgWEQwSA0uL$cdb50e3dfd0b899277f4b87bd82f595515e56e602aeb1143b9502c3e5426a14d","Christopher","Green"
"48","upeters@hotmail.com","pbkdf2:sha256:260000$6BZQyYx0yAJdvUgy$6efc345c714105a0c7cce3b3e90198194d58773e4b3e01115df4fc82ccdfc88f","Maria","Valentine"
"49","torreskyle@hotmail.com","pbkdf2:sha256:260000$Whj2xSH14BYC8mUD$2f9f59206dce6d50037979179bebcdf285443ca66fd9b06a74dfad5b2d9e1089","Beverly","Taylor"
"50","christopher91@gmail.com","pbkdf2:sha256:260000$OpytB69yisGn2PCW$7a94e92de757370d2e8bb33ed4f11f3c18d4d6bcbce3548de8ea55edb9b390f3","Kristin","Alvarez"
"51","yolandabraun@gmail.com","pbkdf2:sha256:260000$bOAcJR0eXBFDemjc$72c51b8479e3cb9af0a81f46e5484b2fa25cc73672f18b97cbcdfb77f038be1c","Scott","Lawrence"
"52","olsonjohn@gmail.com","pbkdf2:sha256:260000$TqO9VOPBq4hjixKV$3cf6e27bc541f9f8f471fc0d8b25f9dd7d6e3ee2b57f65021f6b8296b5828762","Perry","Jr."
"53","erin71@yahoo.com","pbkdf2:sha256:260000$kHwvxXm25b2ZqXDo$ffecb22f51218b99ac2337ec1f05f7299b1bc0a77e5161d8f116eead4e0c6ae1","David","Rivera"
"54","kelly22@hotmail.com","pbkdf2:sha256:260000$9UodvCViWEbDikbe$f6bc642f97e4839fee6cde3cbc384786aa58adb43b2f693365f3d130e7f2f213","Shannon","Rivera"
"55","beverlysmith@yahoo.com","pbkdf2:sha256:260000$owHt3UDkB1KUyIw8$39bcf7c3a41b4808e5cd2ea9fc3e2e95af46d76005dd47a86f78aafc439e3613","Katherine","Smith"
"56","ktucker@hotmail.com","pbkdf2:sha256:260000$pL1DYV72hqgLbBn9$266834095fef738728517f8f67759d22caebe6eec5ec324aa9a14d2753840ddc","Elaine","Morris"
"57","gordon43@hotmail.com","pbkdf2:sha256:260000$ymhhrP4HYtbDDXqd$375e145ae3750ee978de2a72bdf63d6685f1e76d81b9627813966b3747478685","Wayne","Reed"
"58","kennethwashington@gmail.com","pbkdf2:sha256:260000$ZUwRR8xfANsZxDvl$ccd2951aae64941ee7f5d75a734a615a2a5ae7e7db334fe7c272c4811977c950","Jennifer","Marsh"
"59","zharris@hotmail.com","pbkdf2:sha256:260000$gM76J74ZeboEEYRC$e565c4ac2fd53e7e9994f80857923a6aff20bd273faed6475ee0143dda171d02","Richard","Haynes"
"60","davidlewis@gmail.com","pbkdf2:sha256:260000$XsWITUoGvOZpsFob$97293f32e2aa6306cbf9248636fc79dc48e0e0ef28c343fac1f7fb44616d69ba","Sean","Jackson"
"61","joshuakent@yahoo.com","pbkdf2:sha256:260000$q6QVb9cnqk1uCzlW$23655c22c149554aab138e893d6013da93dd4613724328e37e46790c009d60ec","Billy","Graham"
"62","tammy10@yahoo.com","pbkdf2:sha256:260000$BQJofzVHODw7LRMP$8a0f8071f5570a9df3d604fd23121ad57873a678fc92c566b5fc27303c33bdeb","Christopher","Mitchell"
"63","christianhernandez@gmail.com","pbkdf2:sha256:260000$fxXt3PmJVjFTHilH$68e42f092963d5523aa0d93f737f413cb74f76a51817050331c50b832705c1d5","Jeffrey","Griffin"
"64","randallwendy@yahoo.com","pbkdf2:sha256:260000$aGY8akdy6qw43fGH$0d50c981ac803aff508b3c96acce4f77196ebb2a7ce00bfcf860b151dddbda43","Chase","Foley"
"65","heathercrawford@yahoo.com","pbkdf2:sha256:260000$cj10XBGC3B0Vt43R$1a8aaf5616b8ffefeb027e44aa8f251261f1c1851efdfa17281251dfa57a70db","Matthew","Cisneros"
"66","pauldiaz@gmail.com","pbkdf2:sha256:260000$ulqMBZ3nz7qwaxo3$adfdca996f802f1fc9e6a251c04a07fbd188225cd51381b8a553e3a39636d813","Tyler","Pace"
"67","victorlewis@gmail.com","pbkdf2:sha256:260000$YtAXWXkVV6SAbyzh$40e4001d15c1962649cf86774ef68d46283fc224880f24eb20c3a537dd25b27b","Matthew","Beltran"
"68","armstrongcolleen@gmail.com","pbkdf2:sha256:260000$tYLAzs8SJIa8A6iK$a948645051c0472cf6df18faa03ba7598fd81d73c7bf5c8f26b2d613ad7ddf17","Sandra","Powell"
"69","mwade@hotmail.com","pbkdf2:sha256:260000$mtNkXXUCs6wogrkl$6a9e6914d0f2e38bc32733a2570463ad182be4c33d0ccfa3f609ce4f58a7ae5b","Matthew","Jones"
"70","kristinperry@yahoo.com","pbkdf2:sha256:260000$M3fiLkvo0ISAw2z7$847d45f128e9714c938236299b385e49ee5a0eac96041ac5c2c61f6c2ff1e6e2","Jacob","Roy"
"71","cbrown@yahoo.com","pbkdf2:sha256:260000$dIcVR97kgoj8XziQ$f477f48c9addd17a548e8140dbdc625648dbca681314e95b03c0da2067566154","Shannon","Boyd"
"72","patricklopez@hotmail.com","pbkdf2:sha256:260000$i5J5YPfmdnqVpk0y$80c6abe2f475f00193fdf5c0c2f46ffb567d84f056003dcba384c492fefd61ae","Jessica","Wilson"
"73","osanders@gmail.com","pbkdf2:sha256:260000$yedJNpsLeAgZzxx8$794d1ce3fb0dd1619003c0b637436c2e6e7ea0c81d2175e7eb4d9ce0a6bf2b0b","Keith","Ramsey"
"74","sharon91@hotmail.com","pbkdf2:sha256:260000$SZzvublkqljAUpbL$cd837485aae9c6584b9f9e6e0cc7a27e19834af8ddfdf7c8852a3e8b26e44377","Lori","Dominguez"
"75","privera@gmail.com","pbkdf2:sha256:260000$EOl6f5j6mYPgtJFW$8c1cc61fb52ec8def81bd67dc830c07aaa3331762a17b8af9b77eff155661d22","Patricia","Pearson"
"76","brian64@yahoo.com","pbkdf2:sha256:260000$brHWc7gbzB3Il6DB$54815b8e27c024c42ef48a0287a374c3304fccbf355c06b6bddd29479e89ea1d","Alan","Pineda"
"77","diazfrank@yahoo.com","pbkdf2:sha256:260000$UfPJlGf918WLnTqS$9fada78eea7a0c5e7337e961c8b7d4faf571f2a354e648dfccacae74342d89e4","Jamie","Clark"
"78","qferrell@hotmail.com","pbkdf2:sha256:260000$4w4UUJ2yp4koiZro$5514099db80adc0005f6455ffc03d6aae252fab0f83320b656974c29be1312eb","Tracey","Bartlett"
"79","patrick19@yahoo.com","pbkdf2:sha256:260000$8IFS3klq0fdpkhEW$7f32a5069370e9fbeb8495315074e6a9e533ecf5cc6a1d1e5e8b32d39ec6b1f7","John","Coleman"
"80","derek56@hotmail.com","pbkdf2:sha256:260000$FWuNlGMRye7a74AD$d66ef59f57bb37b7d538280b1855616eb0f05da1ae8ea7aca1391efdc3fe2d88","Edward","Ochoa"
"81","jacob95@gmail.com","pbkdf2:sha256:260000$j38zyjGuwnbZCARC$0afa551930b1d70da4126429a243c5627c9c8ff0faf9e339d80648e31df69b70","Sheri","Jennings"
"82","ppatel@gmail.com","pbkdf2:sha256:260000$LioA8e1luoBov6KU$58eaf4582031c52c54595a07809f702a4f25210c6b42d8c965335cd0209758ca","Deanna","Holt"
"83","nicholasmorgan@hotmail.com","pbkdf2:sha256:260000$zElL7FbKO9PTkvaj$b14253a6b962df44c02f2cda48b04a97e0d9b86156436ca7fb835fef2523a478","Larry","Palmer"
"84","dwells@hotmail.com","pbkdf2:sha256:260000$6b0XOYZMR6uvrjGV$8607a591b62b0e978fece47fa49f01b610efbda6f91c5db3fe08adc60d9126ca","Kristina","Higgins"
"85","amyporter@yahoo.com","pbkdf2:sha256:260000$cEqcnClVGgThDKXQ$7b48359e85427194b4cdf139b35b8651a86dab6fc69fe1ee9563a303bd61a04d","Shawn","Matthews"
"86","lindseylynch@hotmail.com","pbkdf2:sha256:260000$s2abVyUd1aTrNwNK$3b9fa9dcf5269d5a692db07b102a9764193342c19406ac7bf1fb23da1b5bee94","Leslie","Pugh"
"87","lcollins@gmail.com","pbkdf2:sha256:260000$gfy76TSlhXOY0JiI$e262c0a5d473de70750f14ccbb3c42ede7db43a111be65113eaed9a147170a4f","James","Rodriguez"
"88","john71@hotmail.com","pbkdf2:sha256:260000$CYEQ7Pzo75RXwK0H$4bb37ec913558e21399925a5a022320bdbda29af59cf9edb419e774007592747","George","Butler"
"89","deborah72@hotmail.com","pbkdf2:sha256:260000$BGTk88dHNyqxjVV5$167254e3130ffdb9c0757dcc16e964226bdfd58ce53185bb2218706dab403ab5","Shawn","Gregory"
"90","irwinwyatt@gmail.com","pbkdf2:sha256:260000$Os3XUb4AcvKbqfqH$9e54ab1310f48347884408f1fcaeebee80e3e9c932ab80a4bd0657bd3a56ebc5","David","DDS"
"91","pbrown@yahoo.com","pbkdf2:sha256:260000$yMsRSabVGnaTohDt$411a69c774ab81239180581dadcff418ff5041d4490ce944c04f54c47e7c31af","Mark","Chapman"
"92","elizabethyang@gmail.com","pbkdf2:sha256:260000$RhVhqRuPNgI5b4jG$cb5ae6575c7a3e28d8c3e8ed59166b7387d09bbd483e8566831e24f0c9577ce7","Savannah","Miller"
"93","zwilson@hotmail.com","pbkdf2:sha256:260000$mtZLxTWcZpk1rJHi$28c927371622e81d92cd24498ee146cab530c31046944c3c8efc31090790fca4","Matthew","Doyle"
"94","drakefrederick@hotmail.com","pbkdf2:sha256:260000$9HZ9pRSlOx947K6y$3d0762229bd2e372f5388625707c9f220affe7aa2c3d499480e2a7bc48281827","Daniel","Carter"
"95","mforbes@yahoo.com","pbkdf2:sha256:260000$2sI1WlI7u99b6u7I$67695c811e57f63d51332444c03026d36337f4219e1f59fb640c0ef2e36c622b","Donald","Ponce"
"96","hillshelley@gmail.com","pbkdf2:sha256:260000$9l1xg9MZtPImltad$053eab1a456bf8d5e4c3d0575e2f68bbc141802d06dc493b1ac2e27c17c51fcd","Dr.","IV"
"97","brittanymendoza@gmail.com","pbkdf2:sha256:260000$0fCMJcfyZuqXTGjA$354fe6cf0fb6e43599d658a27024faf150f50e90b298fd02a243d2878bafa655","Adrienne","Friedman"
"98","taylor42@yahoo.com","pbkdf2:sha256:260000$2QuTa1cTnHhS9G3M$40cfb10e358c69d7c0fb7deaaef8c160e775bfcbea5f8b9683323d57ca397905","Justin","Adams"
"99","jacksonlori@gmail.com","pbkdf2:sha256:260000$zJ5EmFOTw6VDrJpR$b706ceaeacb3a31f572dc9c4d6661891db1d7724155de622ff90b5cd494fc9b2","Michelle","Welch"
"100","michelehicks@gmail.com","pbkdf2:sha256:260000$Ud45r4sQDERaDHs7$97ce1e60af5085462e67bb891927b0ab179d8af8ae9dc850185860d3eb4c39e6","Laura","Johnson"
"101","robertsmakayla@gmail.com","pbkdf2:sha256:260000$s1PrHqznbiw0pJu3$11d194c1e5a7e4e3b3651c8676e953e3bb990577f881f5e1e4d69f1ab4ee2458","Benjamin","Ayers"
"102","briannarojas@gmail.com","pbkdf2:sha256:260000$qP5RwewjHjxC6bbd$11f4532f3b324171452efd6c3763bd1a6baf1d27e03659ad45e035b3bcefd585","John","Sawyer"
"103","bradleysmith@gmail.com","pbkdf2:sha256:260000$HxgGdF38eiL2gT53$dae725a9f61dfa47abb3f658fbd5e6f3d990f2f810b365960b1da72434c9d06b","Dr.","Jr."
"104","davidnguyen@gmail.com","pbkdf2:sha256:260000$BnrJ8OPGir01bE7M$8f41128ca9d8562e8b36e6f13b4972886bdd2a7c44c0c06efe2a795c643a121d","Hailey","Beltran"
"105","caitlinhodges@hotmail.com","pbkdf2:sha256:260000$8sVeCITKcdGkyRs5$00d527830f35d00e140c7d52e5006e433180578e59d3713ba305ae75d666134c","Denise","Poole"
"106","rodriguezthomas@yahoo.com","pbkdf2:sha256:260000$JbSayjG0NpsLDu4a$19485352f72b254964f02af460d6748306fc4259b00cb6cc5f8753cf5d7d78b8","Gary","Martinez"
"107","david98@gmail.com","pbkdf2:sha256:260000$miCSuMqPr8QkZmuO$9d039a933e3afb984a05f32602049606d92a310dba9e21a39cd0a4dac64450f0","Kevin","Clarke"
"108","jwells@hotmail.com","pbkdf2:sha256:260000$WYDgBaSC7GAr6nsN$2f3532629e16fc20de455b295dc84db1365765dea6249f1f1365fcb02f20788d","John","Moyer"
"109","erika51@yahoo.com","pbkdf2:sha256:260000$JLBynUKgWZXEsF0K$f0442735c52f46e28590fc673c089b1a3b9d1ac8fe02169234703f9763d3f308","Sherri","Perkins"
"110","wrubio@gmail.com","pbkdf2:sha256:260000$6GiSP0Bb4sBTCp8j$0a0efebf7f75d6737cfa0957023f5e7239ad62d504df843a0170b6dcd01140d1","Mary","Cooper"
"111","hillmegan@gmail.com","pbkdf2:sha256:260000$pdBCd5m7YZJRn0Rq$c13b753397c9a6bea83394030f51563efa7ee955e9023f981380eca948507a27","Mark","Dalton"
"112","goodwinamy@gmail.com","pbkdf2:sha256:260000$EeJiWoDoVjcxAxHE$df0fd1658137f2acc319a2ee9342c1989baaf58082088af63eef786985c6e0b2","Kayla","Hicks"
"113","abenson@hotmail.com","pbkdf2:sha256:260000$tCFvJl7hHOTiojpR$9504b34a46fdf46f89234cfce91d2bfa12aaeaad280d92c91d8209dbc2d6e92c","Rebecca","Brown"
"114","jcarter@hotmail.com","pbkdf2:sha256:260000$Viam6lUrKen5cw4b$768e92657a2eac87714f9d4aae98c7a38be97155c028c9fe4c0a68a02e9ea480","Kathleen","Hart"
"115","theresa27@hotmail.com","pbkdf2:sha256:260000$WUUymcL5132GlVrB$e8c32e9f77db7563e6d659beaa025ac817128de8dd465ff21e5927c7c2a0936a","Nathan","Perez"
"116","lmyers@yahoo.com","pbkdf2:sha256:260000$96YzuqfE2oLhBloa$f3eb7975d0a51a2b26542ff9223237cb42dea68e79d2676a7dfcadf4f21e8321","Krista","Allen"
"117","howardgregory@yahoo.com","pbkdf2:sha256:260000$1Io1sEX12kulhphu$5202f7cb1b78ff52721a57583e48483ec240f2456fb174c5535bde3f98abdb1c","Robert","Morris"
"118","christopher13@hotmail.com","pbkdf2:sha256:260000$mKIWhBrFGm4WBsC8$0ffdadafb76e89a2632c87bc73ba7f66705deece8c7f449e082defa246c4cad1","Joseph","Smith"
"119","yjones@hotmail.com","pbkdf2:sha256:260000$ESik9qtIdajRUbnO$d27c17fa45ee8946cf561bc9cab50fd2cf8f9a46b09f10b2b9630ff16cb898a5","Mark","Mendoza"
"120","mschaefer@gmail.com","pbkdf2:sha256:260000$fqvZJvc2kp3EXuVb$ec4537b9713caf20863dba1e3bea951876b244be0f6c83081ee9157285af0a12","Daniel","Howell"
"121","qmiranda@hotmail.com","pbkdf2:sha256:260000$vwOVThW3LRmjKwo6$96bbc3a5924f167880263fb6ed407325d9a9ad22283f6e73869221cc24396cb5","Nancy","Parsons"
"122","buchanankatelyn@gmail.com","pbkdf2:sha256:260000$UZmSDZirwzLjudFL$3b634620bdb209ea982c729260d17a357006881685af02a2ea212d98cb3d5add","Keith","Hendrix"
"123","cgarcia@yahoo.com","pbkdf2:sha256:260000$gXIiA7X7N6dPaRlX$903a5c728a6e1d16312025d9da8bed4253065bfa7574cb174688329aab6c80bd","Evan","Barron"
"124","phicks@yahoo.com","pbkdf2:sha256:260000$mqzKDJ1pqxuajI9w$aa639e7742c3db0934cddcec8b238a668e3a20b6e53bd2f3d766530840686968","Raven","Martin"
"125","rwebb@gmail.com","pbkdf2:sha256:260000$mia6mWYhQpH3fjRv$8c5e6831de088dc60140c86b5b15b12788f0efe8c3abdf3bab38835049ebe54a","Patricia","Wright"
"126","jaclyn81@hotmail.com","pbkdf2:sha256:260000$SEjZsU5hUZ4ErrGB$daf668f6e977edd4ff75c37e8eaf41f7ec53ac4c9703d72c320a6fc8053cf51c","Carolyn","Coleman"
"127","robinclark@yahoo.com","pbkdf2:sha256:260000$KEkwtSNy0mLhBUBQ$40c3533ffd114b0f8df22a18cd3ecc23d5ac194a83d81b7828a5a3a5eecf0dc9","James","Stark"
"128","mcclurelouis@hotmail.com","pbkdf2:sha256:260000$fG7xT9zTRGCGctm1$213a970540f25db8681c2f366f32f264fedc94711c3d9199bf20453f2d1d8c8d","Melissa","Edwards"
"129","boydabigail@yahoo.com","pbkdf2:sha256:260000$Vtvg7NboCqzn2o7H$a3677e49b5ca3a0660d9019286ee9bc6ff6499a2acb725c889b0bfd148ffd575","Shannon","Rose"
"130","andrew62@hotmail.com","pbkdf2:sha256:260000$JMWJKzwwhGz9adHM$5c6673cac27d0bd64675a6b74f43a7d86eec57ee1295eeb8f0b61ec2cef46001","Holly","David"
"131","michaelharmon@hotmail.com","pbkdf2:sha256:260000$kx2xWaWrF2y34p9Q$a3f762d7ca7dea598c2955e0c2f4fedf2257c3ba611fd5d7756783461f27a71e","Nancy","Castro"
"132","carlcamacho@gmail.com","pbkdf2:sha256:260000$ZRWt5Agokb7ucYlr$af3ab8a3ee70a9b4b4503d267318b3ff0336c92467dfc7c03548268e3b5bd194","Brandon","Hood"
"133","makayla28@gmail.com","pbkdf2:sha256:260000$bouHICMPFJ8Y9Rc9$ca0b393f0e7a0c9ab3aa56df698b38beb007a1bcc740fa211a89411ac9c1f9e5","Linda","Wilson"
"134","longaaron@gmail.com","pbkdf2:sha256:260000$B1kaaThjvS7WmxId$ea6b256f4f50ee0f760c08596446d7158748cce4ab5310c1ee7dd84d7c28149a","Stephanie","Flores"
"135","ecarlson@hotmail.com","pbkdf2:sha256:260000$yGnSdrQ1oH8BKTaZ$3b69138a7b9451c6937aa61f4efc7bd1dfea0f1e82dc9f1efe122acfc25e327f","Robert","Brown"
"136","amygrant@hotmail.com","pbkdf2:sha256:260000$ftlIF6D91BnFLcDH$a6f494f0781c01aa067c8d07069781bc75c1fa4d79e152c94505c4d96be3899e","Andrea","Jones"
"137","wbowman@hotmail.com","pbkdf2:sha256:260000$agI75gYCAgkmW4W6$5e801967c371ae0137eb1de9ee9d7b899d270e34eac4ab9c0c4d6e3661a873a3","Erin","Sims"
"138","megan26@hotmail.com","pbkdf2:sha256:260000$oJhKhUwoErUOpR0Z$b7ea7fd234ecfa2a7aa5e2d53967e9f7c0238e7192ecd0f0347f955e5ec95925","Michael","Cannon"
"139","brittany63@gmail.com","pbkdf2:sha256:260000$ZNh9OplT2TfxejPi$db15135dc7e09f2c13885a78d928bcfd0cf8ab6de018e0172453f2bf40e2996e","Jennifer","Williams"
"140","jenkinsamanda@hotmail.com","pbkdf2:sha256:260000$JvE8yRgJqZJ3Zv02$34831785cd1851374de8973c7e448872dbdc82540672e16f5e99a98326792956","Dylan","Williamson"
"141","bthomas@yahoo.com","pbkdf2:sha256:260000$l33zNQvcerxlygnz$3e7efb731a13132c66140ad94285e6a8fd7b17dd4f9edcb482c29a7e6b9e5d6c","Mark","Oconnor"
"142","anthonybush@gmail.com","pbkdf2:sha256:260000$UxXPEtU2I7QHixxj$ff729be952beb92d339231dedc80b8b4fbfb85c1c93499241ddfdf98f4a6517d","Susan","Pearson"
"143","wilkinsonmark@hotmail.com","pbkdf2:sha256:260000$0Z828nXQD4AWiXmJ$dde2a93bc87f6d5ad4f47f6a944f67afc60dc0f27c993a43e9ed9c7a7dc450b4","Allison","Bridges"
"144","hickmantina@gmail.com","pbkdf2:sha256:260000$12jN5SLyrynqC28r$2f94e7c9767e236806e3c551a29431f00f467e72968b522a9c9416bef2ea138b","Andre","Brown"
"145","jturner@yahoo.com","pbkdf2:sha256:260000$bdsocvRimOvF9XMB$b16d7292ccca9e9f9b35ab466cf37dfdeba35a85743d104f2b40a7569cd46e7e","Mitchell","Flores"
"146","jesus24@gmail.com","pbkdf2:sha256:260000$7Lfw5qYtgl0RMJNp$f15696e2267a68f91e634e0a7c52619ec139dd6c89022498e28723cbec749c46","Michelle","Stewart"
"147","caldwellamanda@yahoo.com","pbkdf2:sha256:260000$XoflIWG48JpAaFzj$09fd6eedcf089b63e43d254e78d3090bf7c6c30dc05dcef7ccaaf5113c02d707","Robert","Jones"
"148","choiryan@yahoo.com","pbkdf2:sha256:260000$Kc72hf2WAYPShRfK$2147fad9ab53fc8cef44aefe8da128747b5b3876bcd53d945cfe8d8a0dbead06","Brittney","Robles"
"149","gwilliams@hotmail.com","pbkdf2:sha256:260000$gxPYfBLeDh5RGXHx$9e3eb2347bccf9c76d2633969dda37edcb613c58050886d0febce4521c189053","James","Brewer"
"150","heidi31@gmail.com","pbkdf2:sha256:260000$gCnxrmGvd8tQ8OJH$a03f98f20aa02fde87250a2293ba00d9364ab66411b6e4d576b9b9a27b62f175","Erin","Long"
"151","carsondustin@yahoo.com","pbkdf2:sha256:260000$PGqzPDzk5oc6mEuD$7066e27cda4f37d25c2b51c04b8b67adbe9007c48ddeab4ab0f17d89641dc441","Jonathan","Ponce"
"152","jennifer01@hotmail.com","pbkdf2:sha256:260000$8O5IhvlLzoiuBDUC$e3153684eb0950478b021bd38c015dd735a9a4b7d8966f1d0b48ad82c7151a59","Aaron","Stevenson"
"153","randycoleman@hotmail.com","pbkdf2:sha256:260000$CsoB3sXlmmNEMQtk$fbaa8f0d9f49e6c38f9646078b8195785a210b4105fa960043498a5cd99e0181","Austin","Smith"
"154","wrightrobert@hotmail.com","pbkdf2:sha256:260000$z12bwr1pWpgpmuaI$6d0741b07babe1c67a66a593b8dfd77e3bdd14bcbcd8e445e3df926fcae63a29","Bobby","Berry"
"155","hthompson@gmail.com","pbkdf2:sha256:260000$IHk2v5NrpXiRYqBK$b8ca2bf049dc569a73644477013c587bd760ee22016afa1909dbf8074e22e966","Logan","Clarke"
"156","sandracallahan@yahoo.com","pbkdf2:sha256:260000$GRtFp8rJw9AgfrST$a7d07886144ca4835b45b13903338f25b8a2a569bebd015300f46d9a2c3629f9","Jonathon","Bell"
"157","ustevens@yahoo.com","pbkdf2:sha256:260000$auD4dcibOrg2fh7G$bf6ead03d9945fb1ad4c05c1db634c16d436689e214ef04b10d33be316233472","Timothy","King"
"158","joeljackson@yahoo.com","pbkdf2:sha256:260000$BOC4nlr5A8khsASX$10b9ec3b00a39e541592279b78df7896a9d7ab010b2eb5ba5e3ae6663fe83908","Courtney","Miller"
"159","masseyjessica@yahoo.com","pbkdf2:sha256:260000$yUXyHL3SFe7uhOSM$777b3b3bcf87eb4eb070b0dc94957632c289c6ec7928453b5b36b3b8338613cd","Jessica","Dawson"
"160","janice37@hotmail.com","pbkdf2:sha256:260000$9PV1kTyJK7inAgvW$21f4a1f8351aead5de5b4d8e01ad5c9f5c57d039865bc057e060c332040bc772","Carrie","Ryan"
"161","bakerroberta@gmail.com","pbkdf2:sha256:260000$F4LhUSlLil77rMsg$5ceb397a2730f4ad7df89f782760cf9a65eee068f31a16ac4f1b5e7d87edf1f9","Matthew","Walsh"
"162","nsilva@hotmail.com","pbkdf2:sha256:260000$jx2aMRo166dlyvHI$d04152a73a9290f2dee6979fdefae1c72d1dcf0e26b4cb9ae461f42722406767","Valerie","Hardy"
"163","smullins@hotmail.com","pbkdf2:sha256:260000$qlJsZiFEhaS6iCyh$6919e1e585e481ddcba29abeeb4f8c5a63cab9d6d01209ed50a6218b07a8a1a9","Danny","Cook"
"164","hhenderson@yahoo.com","pbkdf2:sha256:260000$jI3Rz6u6lTP2wJ0e$9689d37b31d31acad085f1558b5158e41d3fd70feaa52ea9f0305b0db03f6b7d","James","Beck"
"165","michaelferguson@gmail.com","pbkdf2:sha256:260000$HephH2VBWuIlnZeL$31c3dace847a0f0e2e16587cbf2b4b35001aa4903dd175b6976d870915cfc4ea","Kimberly","Erickson"
"166","harrisbrent@yahoo.com","pbkdf2:sha256:260000$jp281PpISP8vowCo$91fa3b239faa61cdef594e0386917f70d42e83cd5b2dfcf558220e23f6c51f57","Mrs.","Clark"
"167","klevine@gmail.com","pbkdf2:sha256:260000$s445mL4tHbmgkrEi$1399b3892140bf73293b2cfeed0b32ee70b7a3437c150f8dada17926aab90c63","Laura","Cooper"
"168","ncharles@hotmail.com","pbkdf2:sha256:260000$sydEFPWyoIUwlf5N$6650074d822d20041331cca0fda0ec295d4b864672b4f43b5eca894325d36b66","Michael","Warren"
"169","carlsonnicholas@hotmail.com","pbkdf2:sha256:260000$2pF6kMNkPck2BrUQ$4094cabc7e77628f506ddcbf586d833deefd492f8522bb1ae4e3568bf11fc476","Dean","Bowen"
"170","swarren@yahoo.com","pbkdf2:sha256:260000$IMdou3xXYzeEwBV9$fd990d089a45e25eda7e02a760cfb5908e555d3e32c1f7ba83390a0f0decf93a","Crystal","Brown"
"171","hallricardo@gmail.com","pbkdf2:sha256:260000$co1c6WithnPK4ctt$c82b5019cfc5c137bffd3a2a6375300d8c1aab331f15bd5376ad55c649470da2","Kenneth","Scott"
"172","warrenpaige@gmail.com","pbkdf2:sha256:260000$SgO7GPYC9e9HE2x7$4747fec93bc3f314dee33cab3297dcc78a29945fc8d6052bc53ea3ecdd95bba3","Martin","Nguyen"
"173","gregory93@hotmail.com","pbkdf2:sha256:260000$E7NXuuqfPyapYX9H$41ee01e58c2428fb71ba62cf276297db85508c12b85d8da2ccdfb4756ed09ef6","Chelsea","Barber"
"174","allencynthia@hotmail.com","pbkdf2:sha256:260000$1Fq8ng0RTygSAwBo$5d9b7a25d000b5435d4f535f5d7831e49dc43c5b56ee54c80b8392ef1a3d27fc","Wanda","Johnson"
"175","cory07@yahoo.com","pbkdf2:sha256:260000$frOVuuo6KyWFk43X$9f9f20a543834dfbbbe928251ac1849068109174927dd16b4fea1fd41e0416f0","Steven","Jackson"
"176","cabrerasteven@gmail.com","pbkdf2:sha256:260000$Uic7ZE6D1qQ8Ww1I$5f9823086d1d1871d2d4fbea3215e04788955d70e1877e2493e49759f9b5eb0d","Dawn","Powell"
"177","george85@yahoo.com","pbkdf2:sha256:260000$JfTqieUuxWBd7KKp$cdb347aef63b2447d366111969aa074b9c22175c009e08ee3c76cbc8819c4766","Larry","Thompson"
"178","angela87@yahoo.com","pbkdf2:sha256:260000$OynjvIdE6600HaCZ$4f819381f609d686f7fa1a25c679afbdd6d1f8d239feedc9973dcd8fc70d26c1","Corey","Whitaker"
"179","mejiarodney@yahoo.com","pbkdf2:sha256:260000$7A1ce8ba6owsgZO0$fc13513342e4199d5d69587ec7af08bd6401d38921ec58295b9d9466bf3edd12","Karen","Parker"
"180","haydenmark@yahoo.com","pbkdf2:sha256:260000$rB4nXoIC01IW3zY4$ebe863a9b15ec0aa91699a243bac3c4552bd706fe19221beafd04d38e381122f","Melissa","Wright"
"181","owilliams@hotmail.com","pbkdf2:sha256:260000$eqGAdPCdgq8NzZpG$b3494aa95b34105cf62b11bf6d1758cfa6cb86dba847ab85d3fe407307894ce3","Samuel","Bernard"
"182","james21@yahoo.com","pbkdf2:sha256:260000$31WSK5sXqFT7WT3o$f516ebc50b99c833fbdf4d202c8342dbbb660c45a8d066fb488a0f91174ae76b","Jared","Hill"
"183","shannon24@gmail.com","pbkdf2:sha256:260000$ok9yRxIHoxPaa9Ws$442edf24590ce345c090e932746208ad4b1ec0f72d6da1b374b0b614b847cbbc","Alicia","Liu"
"184","thomasgreen@hotmail.com","pbkdf2:sha256:260000$J49xgJmX1KWUqWKm$0896bc4b4a7a711e87d10b686eddaa7865169d0d79b98ee37e781c3499dbd303","Jonathan","Jones"
"185","fisherbonnie@gmail.com","pbkdf2:sha256:260000$G7uIah4YBaFxVHnI$0179346d5d79ea6281b2b6140850bda133a4b5badb4ac53ebf4c8a6417132ee9","Ryan","Ryan"
"186","hartkelly@yahoo.com","pbkdf2:sha256:260000$6jawrCOdy2I4jy8j$5d06c190602f040ed0ac29c6e7d58aee52739be06261a2719886712806375d6d","Jessica","Carroll"
"187","allenoscar@hotmail.com","pbkdf2:sha256:260000$2FHoqEzmEwolrBPq$b148b79d47d6c009eb023e73cc826957d2125a46783b0da9b188aaaeabbba53c","Sierra","Jones"
"188","yallen@hotmail.com","pbkdf2:sha256:260000$a7kCYnsFsDOhBe0k$fe688fb7cfda3b1603a789882ac1ee530d30538388129544587ba3aad1ae90bc","Jamie","Haney"
"189","bbryan@hotmail.com","pbkdf2:sha256:260000$YojPFy4vXEkZW4HU$22c7eb06737651b62104b128a86d52e378b9099678724d787242bbebbeaa803a","Dawn","Haynes"
"190","ashlee63@gmail.com","pbkdf2:sha256:260000$GS4bVdjVWllLsTeY$d82ecc7fd0fdec8f35c18600e7b752206909f01556d4fe0eb06843c27da5c999","Joseph","Reid"
"191","bennetttravis@gmail.com","pbkdf2:sha256:260000$MQEOq1ir1aKRogeN$7132239217a225bb31e6c0dc1170fe2c43adeb60c4a650337f3eaf6b452b67d4","Brian","Holland"
"192","nnovak@gmail.com","pbkdf2:sha256:260000$TVuqXOOh4zbqaotD$78d815fe67a6d897d74bcca1e2be9492c61281997d9c1f0ac5cf69c493e08816","Michael","Jones"
"193","ericmontgomery@hotmail.com","pbkdf2:sha256:260000$cWAqoqRyc0mI5bqX$9114d89fe96b738747a40dbc937d282837220eee00af56ea5d2401a3731beaa0","Elizabeth","DVM"
"194","richardprince@yahoo.com","pbkdf2:sha256:260000$zMv8ynGJWWFOsZWh$ae85fe37cc867576129beb9568ec0ccccd6ad9d4dc3c01caf8f5cb48f51fa52a","Linda","Johnson"
"195","bonnie69@hotmail.com","pbkdf2:sha256:260000$8UbnhD526Qlrjw8i$2274585162e77a774d6cd00307d9b32c7211703a0100cf518637923c14acc867","Jo","Johnson"
"196","joshua72@hotmail.com","pbkdf2:sha256:260000$NrF9AVaiCagoys4h$3391c8406a071bba8b387635e7ad632c6c5d32f00d1f30ec9943f417f56b4840","Lisa","Ryan"
"197","charlesrichards@gmail.com","pbkdf2:sha256:260000$spSjOkuEOcrnj360$bf0453c45b0f18b36f2fff9438fa5fb47f962fd9ecc59a01bf7025c06bdadb87","Robert","Anderson"
"198","briangomez@gmail.com","pbkdf2:sha256:260000$dEwZlpu8BPI9Cx6X$14e71fe1d40b406747fbf301c691adc32b9025f8256fee6da680c9858a5943e2","Rebecca","Haynes"
"199","deleonpatricia@yahoo.com","pbkdf2:sha256:260000$j6j1TN4cfbWyjLt4$10093ddf882d9a8ed078203290fd9b2dffcd22ab887d9825ce9d310d092cf6c9","Dana","Morris"
"200","vasqueztony@gmail.com","pbkdf2:sha256:260000$TONO0CHv8tA2tmD2$803213833bddce46cbeb2b5d4e29ef5686151aede03e2e6606d08d28a90be154","Antonio","Macdonald"
"201","wanda80@gmail.com","pbkdf2:sha256:260000$1qEiUYN0JDQ9qgGo$7b2bf954d6c32d1205ec6b2fb322198412935746eee3e8ff860cba3cbd2e16bf","Tiffany","Montgomery"
"202","fdavis@gmail.com","pbkdf2:sha256:260000$TwKwsfzEK0SuIqaq$48d821b075fa32dec7f97da677275776742adbb2629b5999e936f700ebc40c02","Kevin","Hart"
"203","dylanwaller@hotmail.com","pbkdf2:sha256:260000$pEsVBaoiuXrc3sQS$753732cc1fcf2ee43ef5247d214215f953360f0533af382ef449dd9b50e96abc","Kevin","Reed"
"204","omiller@yahoo.com","pbkdf2:sha256:260000$M54FmKAZqHnSbpe5$29ce8f4f0c42a4e20e82f0cabbbecc5b21f58f63423de35493756d776792d642","Daniel","Boyle"
"205","hoganmary@yahoo.com","pbkdf2:sha256:260000$Y6sUTZPPi5jGfGFo$54a7ae5e3f90cc8933de4de06224da99378c2fee974c4c6c1ca93f6cc79388e8","Jason","Carney"
"206","tracycampbell@gmail.com","pbkdf2:sha256:260000$rKpTjUxjHvB6Uyja$0ab3fd69e9c0bf42ca694562ff240d3ca5188af43ca30b8b3385a5fc71743ff5","Johnny","Mason"
"207","johnsondeborah@hotmail.com","pbkdf2:sha256:260000$W3JKGI4LhIaqeblu$afd4439513278c2b276c1ed1f173718b7301ab4e95b0333185c0ccf2403060f0","John","Little"
"208","kristeneaton@gmail.com","pbkdf2:sha256:260000$ciiJ70lsFMzNULRB$7d679785d5ab650e6877dd5b109902107ea76bea4a7c86c1a9492b3ea9d0c72f","Henry","Watson"
"209","chadatkins@gmail.com","pbkdf2:sha256:260000$eGICRZGua9vORTWG$b6e1510d01c53f896efed6c0dc0f5d7bc57db372a9290ccf4fbbe43c523624b6","Danielle","Robinson"
"210","elevine@yahoo.com","pbkdf2:sha256:260000$BsxlKD34WrJJNIWf$4e7ede523d96e741d8542263b1ba646d17a42df6fc48a2f8ded8ff083643dd27","Jessica","Odonnell"
"211","stevenlogan@gmail.com","pbkdf2:sha256:260000$c6qvwcBCi5EVzS1T$285ee5a17d9994841eae7b8547f8688044cf2880564ca1f7796fdc54ff1cccd6","Edward","Sharp"
"212","hernandezkenneth@gmail.com","pbkdf2:sha256:260000$beklfQDSPlzA9mgj$fc6133114a9c052ffe9eac89e706ee771d33c9812aa37484d475b703f2f43742","Joseph","Wiggins"
"213","cassandra82@hotmail.com","pbkdf2:sha256:260000$UNExl7YbhwEgFI9s$e8d111654c65b2ad00f40ec48ad306e5949e452480ba941727c1377d90c41d84","Kevin","Daniel"
"214","bishoptoni@gmail.com","pbkdf2:sha256:260000$BbdkktDHcR9XHVWG$f14bda0e9d56bf1045efde5f435ed307f9f2421c771f45f3b862c9fe57b0c942","Levi","Jenkins"
"215","fitzpatrickkathryn@hotmail.com","pbkdf2:sha256:260000$7EXtWZUDsygGpyl7$611c243d3146d2eec4ecf5f8cfe0e73f3ea8e717119770e9d2721bebcc74dffe","Marilyn","Russo"
"216","gbrown@yahoo.com","pbkdf2:sha256:260000$GZYwSLbJZowzbk4a$0575d543d9fc5326d258eff96112ef74ffdf23e094def843ed935733dffb92b5","Bobby","Hall"
"217","katie43@hotmail.com","pbkdf2:sha256:260000$GlecAWiTrAeYUYRm$43174bec9032b637314a2ea934a1a391555151886fca0506a7d60883f723de23","Marie","Richards"
"218","pamelamedina@gmail.com","pbkdf2:sha256:260000$66e0IGj4H8a6ms6q$ab597de39c47f888ccee9376f145ad8a7b9b328c69f0ef15e7d332e2c735863c","James","Walker"
"219","smendoza@yahoo.com","pbkdf2:sha256:260000$hDenmyEIaZrAUawY$d8f18d5a28bd9b28bf8cfae1e8dc4ae2c24c2c472222cc6dacce4f5b96dafcbd","Martin","Whitehead"
"220","stephenkelley@gmail.com","pbkdf2:sha256:260000$vyTmXEiOqTraWQx1$87c835c505b16667f7a780d36f8c5ee101f716c0e4b1e6d5d7162e8d7cb5b2de","Jessica","Koch"
"221","hatfieldrebecca@hotmail.com","pbkdf2:sha256:260000$gDo9ZRRlCS7IJcbc$82ae6d43668371321dbb4ca49f1ee13ca4b7c6307b18a087905fb0733626a874","Bobby","Smith"
"222","marie76@hotmail.com","pbkdf2:sha256:260000$grFAlob2ifhX9crx$e54c71aaa162f011f69631a53447d08daff9e00e70257364a3ef458d69e8b57d","Marissa","Harrell"
"223","darren39@gmail.com","pbkdf2:sha256:260000$ooOX4tf4TpzRd81w$92ca8a0cd27f64978761933a2e8f9a9392dbe12fb5af91209dc363dbed84a8c2","Samantha","Simon"
"224","kelsey75@gmail.com","pbkdf2:sha256:260000$bxzWYnAo93m9jt1E$fc0aa4d742ac76841cc4fcc6c65a3725ee2b630dc908a5ca905d8cd1434493dc","Kathryn","Ward"
"225","josephcrane@yahoo.com","pbkdf2:sha256:260000$rrLiVtMH6bQWUfD3$47ffc22674263c80fdfd40b565820dc89072fd1e52c54c236a3727c010b32c35","Susan","Williams"
"226","reynoldsdonna@yahoo.com","pbkdf2:sha256:260000$5n7Y0Idp08Oj7KO9$2cfa066709d6b0dd52654a803027c5e0b17fe27e03e408a5364e5f5202120228","Scott","Page"
"227","qferguson@yahoo.com","pbkdf2:sha256:260000$pynUj7T6gTy9cIro$9bf7c9268335b0aa721e3272b7d04d9823c038f544e274d6273ef2f6e0b72da8","Gabrielle","Mckee"
"228","leslie43@hotmail.com","pbkdf2:sha256:260000$sKcDSHUCe9PabkE8$2b3d1d164d9087a451b66ad933125abecc53c937ea9dacced50024985972d4c3","James","Weaver"
"229","mendozatammy@gmail.com","pbkdf2:sha256:260000$TKgki3kQqzbr1UNc$67589ace91753988584b45da466d155223cf75f47484664c9ef3bddc9f2f9b79","Henry","Lopez"
"230","graylaura@gmail.com","pbkdf2:sha256:260000$C8JnC7JMKn9nDrHX$fd7529bf1bb456931dc4daae041a778997e3d16669cfe81e4affcc5103f13ee0","Daniel","Nguyen"
"231","amyalvarez@yahoo.com","pbkdf2:sha256:260000$obmXDX9r6XiiJhiH$3a20198a6210dad29d04050964f7c0e49ab2c8131c8addd838de9bf96a2d0bdc","Casey","Morris"
"232","rbriggs@gmail.com","pbkdf2:sha256:260000$IjN29PHc5pxIwAuP$d30968a4129a48d11a9b22e363ded823c020c243b9e5afdb3f415925a18384c2","David","Wright"
"233","watsonrichard@yahoo.com","pbkdf2:sha256:260000$FQ930AjgOFonCfyT$fea3e1d31aca526d09f626e0bb28592a179849df8852d24d74c8449fc05bcad0","Gerald","Hamilton"
"234","amanda42@yahoo.com","pbkdf2:sha256:260000$gIEtG3bjMt7khOTq$d4a63519da4c6533f3e27792c67b4c5f27791a76688ca7ec07d831e2aa7ac9a6","Sonya","Moss"
"235","jessicajones@hotmail.com","pbkdf2:sha256:260000$6MxcoPoeyB8heOCm$014ecdcfa0a06a549f0aca0b4a348a31e9a63e2fc549728efd0c838826d48efd","Daniel","Smith"
"236","brian44@yahoo.com","pbkdf2:sha256:260000$OIeCJf67BiIX4zTp$db670dcbd58c697233472a45304c7c62ffe243d417ff612487599f3d5065df43","Zachary","Long"
"237","dlee@yahoo.com","pbkdf2:sha256:260000$plmjZ2D4BFb9Xtw2$c445f5fe3367ab334c8cb02943794cdbdeeb1606f464944d375e1c3a7157fcaf","Shelly","Boyle"
"238","xdean@gmail.com","pbkdf2:sha256:260000$EodFOannzs9x0l4O$2f6cf4dc14b8300ad57f835480f50017231ee06c666e013958890888824eb41c","Laura","Lewis"
"239","popepaul@hotmail.com","pbkdf2:sha256:260000$qtp9RtosF2bMeiKQ$9b097c1966f621ccc39ffe8fac88aa39f251c2abca7b56ad98f403593fb47544","Susan","Stevenson"
"240","owensdeborah@yahoo.com","pbkdf2:sha256:260000$uHsfMjS8yZGL9ez5$5111361c5f1f326afe37ed32183b64577b07e157f8e19cbdc4378afcf75b4246","Brandon","Bailey"
"241","sheila91@yahoo.com","pbkdf2:sha256:260000$khVFp9unqsX7tkqn$e470703152e3d482c8c6ba73f98fde71b915a0c08b12ce7246a3ba742ce60e4f","Kimberly","Park"
"242","martinezmichelle@yahoo.com","pbkdf2:sha256:260000$WvPwoT9YXn9Je4Js$008b2a163af675ff7ea28d78dc61d330e956165d4c8fce38f2f5fd482aad42e7","Heather","Smith"
"243","amber82@yahoo.com","pbkdf2:sha256:260000$NWKV2K3o67z5SsXb$6611374cabb0341f410c38a31a6dd632ea6cc496b4a3ce0a0121b093b2202a0f","Frank","Sparks"
"244","jacqueline10@gmail.com","pbkdf2:sha256:260000$Jrbw7pyimnnO4r7U$2540c3a1e03ec2a2921c3f794b1b160c045a9ba436c3dd2f1811143041f2b15a","Kimberly","Nichols"
"245","jason06@yahoo.com","pbkdf2:sha256:260000$1zGeX1UaarQqKenl$9b4ffb6ca374f7c2da79796561a6461aefee65900926e9ec981d2a7b8e5507ec","Daniel","Rogers"
"246","bradley12@hotmail.com","pbkdf2:sha256:260000$7mGgZ6GpykHGEM6a$9ec5822090d1c676fa667f1209d27598732667b39740ea310ddefbd550712182","Brandon","Craig"
"247","nancy07@hotmail.com","pbkdf2:sha256:260000$dYLzoL6wSRpUjx1i$2f7265022555c10fe4da7c9220ca053f50b603a7e459dccba81d05cc59c9a3a7","Darren","Cox"
"248","amy56@hotmail.com","pbkdf2:sha256:260000$5Fk1RMGqdZJ9dD1m$5c5e03d12aa2c9d1bdf99fff08ec53eddceb7653e6e2a5a1b89d19ccea0e454b","Christina","Finley"
"249","fmorris@gmail.com","pbkdf2:sha256:260000$pjxvL7cbwIxKaa7c$d2668399e0802e8080e53dd74c1989808f82538a7063822ef6b838707543af42","Randy","Lyons"
"250","dianeherrera@gmail.com","pbkdf2:sha256:260000$OI96SHWuwg9KPC07$e7110c426fae0167a297bf1f447912b23cde3ca5a4138bff8926a47d1a1c96af","Steven","Williams"
"251","jamie91@yahoo.com","pbkdf2:sha256:260000$dTBkUDuY1OHIDpq0$76ccf5beb0c4b8b152d59fefddfd1ca5e0edfe87b4b0e750dd182120a001d778","Robert","Holt"
"252","christinasims@gmail.com","pbkdf2:sha256:260000$O3SYbWZeTj4WOBvz$3dd6e1d1dec89ff3064e5669daa14e931c34e6e0edf5aa588d137e1afa9206b5","Gregory","Copeland"
"253","melissamoore@yahoo.com","pbkdf2:sha256:260000$nNfnd4ioyeXlGO9p$13d53c4766eea6dd9a383d13fa76fd7bfe4558d8df784cf29a0972ba2cea98ee","Jane","Johnson"
"254","rangelkevin@hotmail.com","pbkdf2:sha256:260000$TUbZ9ytzKsGewUhc$ac805137f011b93de607f3c8bd4570670cbf589540bd9504c9622f87381dcca8","Joshua","Sosa"
"255","gayers@hotmail.com","pbkdf2:sha256:260000$Cy338PoJUp30OHfS$70a5e2a03a0098ab8886d58151912380b9428c852d67448ae73d08da83454c10","Sara","Goodwin"
"256","griffinmatthew@hotmail.com","pbkdf2:sha256:260000$2W65RgBGySahlZf6$2a61cd330615fd7f8bfb54b353cc09f6645db5d7c3da9135d899e29931ef773a","Lisa","Dixon"
"257","autumn44@hotmail.com","pbkdf2:sha256:260000$OQieuyP29YOm2NJy$72398d749297ae7ce46c3702c39cf5a95b002db3f711b7216fced89b7148bb27","Emily","Lane"
"258","wilsonsarah@yahoo.com","pbkdf2:sha256:260000$WSzf8WEMCcojobVZ$d0d2bd85f8374e0ea880a91a9cbf816c73523faf29f83d87b0485d692d1f9b6a","Jacqueline","Davis"
"259","mckeemargaret@gmail.com","pbkdf2:sha256:260000$yGogtR2Oi16Q6YQD$45a67da9f295ae387105a4ddb6312cf9d422e9926a8fd82dd6f96ea5a9fe2234","Jennifer","Hughes"
"260","rhonda40@hotmail.com","pbkdf2:sha256:260000$kjXtqD70OdSUNhiC$63d8fe9b09b346e389b2c162b2660c85d5f064670b093132a2a778a141299ba5","Emily","Wilson"
"261","shannonrebecca@gmail.com","pbkdf2:sha256:260000$sZzb2P26kHHoe6xk$b78c553bbcb7d89fd4f739359f4ff727dd27f8f6f341c9abffe38ad6ea5a965f","Tanner","Peters"
"262","cummingsjesse@hotmail.com","pbkdf2:sha256:260000$DUINlghlCWClczgm$1ed20b2a13d1fd907d2c4daa4de0f9f9571733306b0da10111a06ea49687bf3f","Christopher","Diaz"
"263","petersrobert@gmail.com","pbkdf2:sha256:260000$Wh7vm4la8rLUdIPN$04e5622ea0c7745e48ccc44c4705a8b5085280612aeebf625f4741424f138030","Thomas","Hamilton"
"264","johnsoncraig@hotmail.com","pbkdf2:sha256:260000$p6ZIhPnGeTTJ7Oyg$555caac99dd5ccfe89c80a00f925a671ac3e8c88996458b4e015bd1ae99eaf8e","Miranda","Miller"
"265","ryancrawford@hotmail.com","pbkdf2:sha256:260000$qFINBkhlN9mnNdCN$388c04585647d39a7ffab0b358e27b5ea3a96ee2b700a385dbfd37b16c1e71ee","Sara","Anderson"
"266","robert04@yahoo.com","pbkdf2:sha256:260000$OmqQA9Xcj3jA8qvB$87d3563eced3a7685cfabbc2acb98333f8b4ec6e50d7f3a06f9dd264dc6d497c","Cameron","Ross"
"267","steven08@hotmail.com","pbkdf2:sha256:260000$RofFBRgxC6bpOYWI$e3befbe09254e4a540ec96b892f1d7a1344068092d42d34a8d32e0f9ef3efeb4","Kara","Hughes"
"268","petersvanessa@hotmail.com","pbkdf2:sha256:260000$izUTnDGyqvCMgD69$06fd36547f59ac141145d6a9f245ffe1fa4789a3aad9818f423d6c6f4132e2ae","Connor","Smith"
"269","kellytamara@gmail.com","pbkdf2:sha256:260000$5lITV74IF3rxAmwe$ad150045a6c458de25a4d1ec087b6f72b1e53ded767da52654e5dd50d6c26344","Douglas","Navarro"
"270","richardjoseph@yahoo.com","pbkdf2:sha256:260000$at1FOUsgDZMKb5KV$d28ec788f51eedb3936fd65145a788642fc7738151f42fcd5097c5791397757d","Lindsay","Welch"
"271","john01@hotmail.com","pbkdf2:sha256:260000$FIqZlYjSOM04fZQr$20987a4f1b494ebd8a33844d4b6cde1ba5a3ecf85287d291bd4ff9b2e4af4cbe","Jessica","Hall"
"272","reginald21@yahoo.com","pbkdf2:sha256:260000$8a6cwfEKUVH7Zwsl$548f2b4908ebda799daf0ef239c4f9509d13096639ed4b11c6b9d25ee73a2574","Jacqueline","Freeman"
"273","whamilton@hotmail.com","pbkdf2:sha256:260000$ADKz8kqQ45BhmGpJ$eaefd479642f0a0369ba45cbad65bd6d928d8634d00fc35d69726a25610c63fa","Denise","Montgomery"
"274","grant02@gmail.com","pbkdf2:sha256:260000$Hla2hQi60IEsY5zi$315f511135819f435202d6dbf09dec0c76734fa959b77fcfc5cd9e5c56beb21f","Stephanie","Boone"
"275","bmaddox@hotmail.com","pbkdf2:sha256:260000$AQU7pgpcaBxZdFRp$1e2a0c8454e3ecb979a1dafa904e6ffe3423947082298e4d82083e2b231218ea","Joshua","Clark"
"276","eric53@gmail.com","pbkdf2:sha256:260000$zyBlWZbJaya4FcCE$5eea7db7bf4945f29c1fe7615af7821a10767453ac6bb566a9b964788d0fa3e9","Cindy","Hansen"
"277","kevin65@gmail.com","pbkdf2:sha256:260000$B9sggabsCaSL9BBt$f4ead4838dbffa01585fb6d18a918a032a5cdb2919aef94dc91fa092fd35a07d","Henry","Garcia"
"278","robertjohnson@gmail.com","pbkdf2:sha256:260000$4Y428mbpnu7Bl0IB$eac7c80ae5f833e3a2e6b59e329fdb870e103213ac455d743a91067de35eff16","Melody","Robertson"
"279","michael53@yahoo.com","pbkdf2:sha256:260000$3ixW4eJ024kcslcs$6c7b584f8746faa220015e76d6f0db1ddb97d1535c3b279fc11c471c7160d87b","Jennifer","Williams"
"280","randy92@gmail.com","pbkdf2:sha256:260000$I7xPJr87yy1BnHB1$e70b427e2d0cdb9f4c7d82c25c163c217f11206c6056883e2a659d3f15ffb8a3","Kelly","Anderson"
"281","matthewking@gmail.com","pbkdf2:sha256:260000$4x3MJlD46iKuZtzO$7ad0a9126ab2a41d745f37cd742dec79b08c927934dce95d5235624c5646cb79","Christian","Potts"
"282","amber79@yahoo.com","pbkdf2:sha256:260000$FRv2hqDeLQfWCKQK$b483351075a588b3edb8a637350585207785758795af6d8e0c7300d3310f724b","Travis","Davis"
"283","bondpaul@yahoo.com","pbkdf2:sha256:260000$RsJWfZvT7GCFJXdm$756271d6cc9adecc0b058cdecfb954a76410bdae027014c52091466ed863eed6","Valerie","MD"
"284","christineturner@gmail.com","pbkdf2:sha256:260000$eNDVhNHZBeQtkkYy$c0c5b7de55bda3cae27792d76aeacb43a02924e4d4003c69d4fba1643fbfd1f4","William","Ellis"
"285","alexisramirez@gmail.com","pbkdf2:sha256:260000$HMPstFnLPazvpa8b$780be58a6e24cb176d70fadba7397d66bf99771f09811d11a31a47d2da4a7dfd","Michael","Paul"
"286","fischeralexander@gmail.com","pbkdf2:sha256:260000$xfT8Er9iXs9NHwxI$3436a2aa9786279b25841ebce0029696a2cd130a797afbe9705930ccd9d47827","Rebecca","Malone"
"287","nicole58@hotmail.com","pbkdf2:sha256:260000$wKqWMJqWc0o2i052$360301fb6252da119b06c0543b8b9b9fb66654a8b27934de8dee716b90ed588e","Eric","Gonzalez"
"288","xtorres@yahoo.com","pbkdf2:sha256:260000$fLQO733yy2HfHfHn$a0ca82bc84a3939db6ec3f09f1806c76a503261548a8ed7360f6fb4fd7f7d26f","Patrick","MD"
"289","kellis@yahoo.com","pbkdf2:sha256:260000$Nw483CDm40LlzMS1$b42d7a114ca41f6e67dd62b36478a7f3fbaca46f630833791b41379e263e56d6","Calvin","Barr"
"290","aramos@yahoo.com","pbkdf2:sha256:260000$M6A9nSgrA9lNU29y$c62dd5e07e516590cae30626c87e743820bbddcb563d801d2c1b1517e4a3a392","Robyn","Davis"
"291","dpena@yahoo.com","pbkdf2:sha256:260000$ZIhq0ap3n3WZX0T2$c33f401ae731e8bd04e4a491ff2a43e7abf5ed2cbbeb3192106ac05412c4550e","Jenna","Valdez"
"292","vprice@gmail.com","pbkdf2:sha256:260000$Qq42pdOPo3vBKOH8$ca0ce28c1db433fa548935ac77822318758fd735722f1790f9c77ab288ef974e","Ashley","Estrada"
"293","marshallpatrick@yahoo.com","pbkdf2:sha256:260000$EviidiRUtR1hu7iv$66d35a5866c767cde191d0493e23f2f44c5b8a6b2750482a1d9071ddccb07565","Matthew","Rodriguez"
"294","gromero@hotmail.com","pbkdf2:sha256:260000$7CcZtOGA4TYA9fPn$43cc5ddec3b6584973aba8aecac00a9d378aeb9bba058d2c702f38a3cfd8e986","Brenda","Frazier"
"295","marieolson@gmail.com","pbkdf2:sha256:260000$rwgSMhcE5nVBiXHm$1979072a68c3fda06664c37a7934231c331ce01dc76f8bba2fd6789064bec076","Gary","Erickson"
"296","deanalicia@yahoo.com","pbkdf2:sha256:260000$T8QWHjBTeMdiGoIn$978b7608526651bad7f17f6b8579f6836ec5fcf8264e67c10b919f69711333b3","Sandra","Johnson"
"297","williampetersen@gmail.com","pbkdf2:sha256:260000$JCENw7AfF32oose9$e1f02c8be78f28a5e721291fa95dab834e0bf51ef44d32bb083f786b3ec1f39c","Nicholas","Mercado"
"298","valerie82@hotmail.com","pbkdf2:sha256:260000$wgZTqAHsBM6WfdzE$d7d27a7ebd2754c2b543e19a0cf281b5f7c00ec7ffc573611334d8a241823515","Matthew","Walker"
"299","sloanmarc@yahoo.com","pbkdf2:sha256:260000$ceWsA5Z54jP1S1q2$0e947be242ead5a77f411d49881a3b7ecb148a67f34382138566fcf24d9e4234","Andre","Murray"
"300","brookschristopher@gmail.com","pbkdf2:sha256:260000$SiGXZ2wsMQ6yaPZ2$1b38c97f133bc81b2b56a26dd3ef045c66378969b1d25161934a14ea49aa7f4c","Monique","DVM"
"301","matthewmeyer@hotmail.com","pbkdf2:sha256:260000$xHoGSTAQAFlievZl$e09468e7156060262a6bb22eae62051561f21be3b739d461d49d9a430c156c20","Richard","Williams"
"302","smithmatthew@yahoo.com","pbkdf2:sha256:260000$f4BYBPW7TA73lgdC$58d5926381f2528dbaab1f320ee92557864f348bb63480184da534b0dc86dbd6","Elizabeth","Blevins"
"303","cforbes@hotmail.com","pbkdf2:sha256:260000$RZIrImC1nVojxpqL$657c57ee66439bffb03e6fd3738a1b7912662d6df1e9d2a1132e2bbc4c41c438","Scott","Anderson"
"304","paul69@yahoo.com","pbkdf2:sha256:260000$gZlw1KDGPGuo9dbU$cbed44a9a3e945a1fc21ea8883b8a51b614698fddea44c2217c6e51f9018984e","Lisa","Obrien"
"305","ochapman@yahoo.com","pbkdf2:sha256:260000$NuEpgV8lP6aFRh5j$ac1ad13f0ec820ad8268ca8abe964ca549089b258c24727d4943fcebe7fdcd39","Michael","Hardy"
"306","brianfletcher@hotmail.com","pbkdf2:sha256:260000$AcOqPa37yIpDtTTm$c6cde7710ba2ab54367bafca767cd4e7d8622ad700507bde10b2eaca87fb0b6c","Angelica","Irwin"
"307","obass@gmail.com","pbkdf2:sha256:260000$8fKkoX5PQIMXA3Wd$36835c51bce860f551a0cee95674537cb02bba6c615cf6c2b5325237e4d3fee2","Russell","Johnston"
"308","ofrey@hotmail.com","pbkdf2:sha256:260000$ULNCckzaELtSaUUj$b59fc1f0cfc875ab907c907373f4fb204f8c266443e7489dc3816ea00af7b0d1","Miss","Hunter"
"309","wileymelanie@gmail.com","pbkdf2:sha256:260000$ofh0oomyM3mDBpr6$71f5aea3336c141bfb6757afaaf0f62966fe766639702cf5098d4fa0e990b11e","Laura","Cook"
"310","youngmiguel@yahoo.com","pbkdf2:sha256:260000$ya5SPH7Yybfv9DQ1$84b6de258def5998307c143f03f6a45713b5e3f53c035a29060a6ac3556d5f36","Rodney","Huang"
"311","zroberts@hotmail.com","pbkdf2:sha256:260000$yvXwMgkCoPJnBZFC$6060784c991793849710839500edf356a1227b48aaa332e54c6a0fa6b589dc2c","Melissa","Green"
"312","yperkins@hotmail.com","pbkdf2:sha256:260000$aSCfz8M9AlZz3SZS$13da65482623e9c96fdd46c070f676daf97fc8d4a9c3937fa8b2ea3f426db6b2","Jon","Cannon"
"313","ihughes@yahoo.com","pbkdf2:sha256:260000$JZvMYMZ2lXLXtb7a$c044ff7618e49f69287536548d63b1b9dbb8872d0ed21e9f568786d3655843b8","Jesse","Baldwin"
"314","brandon91@hotmail.com","pbkdf2:sha256:260000$J6RYicFo6kiKDdMr$d7b12e485bf1dc6e30e89082598b39ae83209eb91e6f0befc791afb99596400b","Kathy","Burton"
"315","bryangibbs@gmail.com","pbkdf2:sha256:260000$IbE4esV5g85QAaQb$6a47a69a50886081d399536309ebadd7986f9885b4d6311b95876f068fce5c48","Andrew","Cook"
"316","georgemichael@yahoo.com","pbkdf2:sha256:260000$c1c5wNpIRHuDrDTp$b6e69c04ad931e9a55a6217c4a8afc78a786520a596cced465aff31b9b6681af","Joe","Hubbard"
"317","joelscott@gmail.com","pbkdf2:sha256:260000$TaaZyXffZiAkLRU8$ee9eaa36787722637d2eae75af6f963964f96b9efc888b47970d5832efe0f95e","Stephen","Delgado"
"318","hconner@yahoo.com","pbkdf2:sha256:260000$Ib2ljBdY2rd8mziF$33f425a288555ed1356eb4ca661770f55b034c1e98d738a69febf9fa7ba0f1a1","Jordan","Giles"
"319","ochurch@gmail.com","pbkdf2:sha256:260000$cvPBnGaSqbFzkp2n$e183fd47310a8d1946ecb1d02cc6e1738d550d677958eb95ca30a5d876194dc9","Joel","Barr"
"320","jessica26@gmail.com","pbkdf2:sha256:260000$VI783vsZFoziZKYa$ee5e886a272f642cbcd240a97df0f4ace939c8bc178a978cb0f14972f3ad51c2","Dustin","Brown"
"321","dbates@yahoo.com","pbkdf2:sha256:260000$8TPj3Te12eRdr98p$0e41615d47f5f73285d647c72f3d93d34a4f162bba2b6b50c779a634fe131e23","Cindy","Martinez"
"322","inelson@gmail.com","pbkdf2:sha256:260000$GOVTR5zoLkZbr2fn$8fd65582a5aafcafcf500b3e80e6ef42b6f772615fe9f4f3694699fec5128ad1","Anthony","Warner"
"323","michael29@hotmail.com","pbkdf2:sha256:260000$k1H9ySEY9AAZWX4O$343ec39849ef698c7ce0a3ae1048a2a291fcd9ff974b0d97ff1a0520ba58987a","Lisa","Ford"
"324","caseyjames@yahoo.com","pbkdf2:sha256:260000$Er6RAc9XCS5Bque4$8eac582c05c123b88b689c350d6a79d2a72a6582cccfa296e5e2e9eb0d0f0ff4","Juan","Rodgers"
"325","rachel89@gmail.com","pbkdf2:sha256:260000$K81V9I3Dv5eX3mOX$1c894747d32bd8760ad7731f3a4bb4d957684643644818d53cfb041bb9a1a36e","Daniel","Webb"
"326","vthomas@hotmail.com","pbkdf2:sha256:260000$6PMAs7L7NkwdRW3q$75f7adcf6f599590c6c6ac549769a6c75dc52448555303d7efbde9e1a8b7fca6","Deborah","Mcintyre"
"327","markwilliams@yahoo.com","pbkdf2:sha256:260000$rOM9nfAXZxBuioKW$9ce9dcdac682a6a155120e5e8f144add9b06a1ba2fb34514cdad69cb35021a77","Samuel","Bryant"
"328","herringdavid@yahoo.com","pbkdf2:sha256:260000$NXEr3XKICHUPIe9V$a48ef3d364f8a95273e9909b4ec8fa75edc9a39200477636d2c4795b0b606b3f","Crystal","Willis"
"329","pamelaleon@gmail.com","pbkdf2:sha256:260000$G0VGOP0WJ0XWYH9F$2c00021cc5db6be8246158890555df965f6d5cdecff2fba85679c74466ad698b","Mary","Evans"
"330","lonnie92@gmail.com","pbkdf2:sha256:260000$wGHrtD2LgdkLBuua$93b46e96f04f766b8bb4e1fde57f0f6dc12a24fbacd9f716d19d4b79a4c8720e","Nichole","Sanchez"
"331","sextonjohn@yahoo.com","pbkdf2:sha256:260000$ruMVMp7ec3d6Y209$7272d9fe36816571a809017bc9c2460c705aad64cf87b487a474d4f3f76fb337","Lori","Mendez"
"332","ellenkidd@yahoo.com","pbkdf2:sha256:260000$IM2Xr2I2ri7w90TR$5e6cec1dd3def6ff009f4dd658fda562b2297c553e153cff361233d860c08a43","Sarah","Phelps"
"333","acastro@hotmail.com","pbkdf2:sha256:260000$EoVUmnr6UykThGAX$82c30e60fca29a7c02c63efecd6da53c01a4edb2178b134cd3ab90c55dcad3be","Mr.","Ryan"
"334","gonzalezjulie@yahoo.com","pbkdf2:sha256:260000$i1g8ebUoVAWfyHFw$6474a2d147013b71f1a6a772fb53739027fc491f437f0ab970b24dc4129e3150","Stephanie","Foster"
"335","patrick82@hotmail.com","pbkdf2:sha256:260000$djOXnGjpVXesz9YS$a38668fa51b33f80e98661e0bb8de830f6268dc3d5b889ffa0556637eb8679a7","Brittany","Lawson"
"336","matthewbennett@yahoo.com","pbkdf2:sha256:260000$v8rmeVGVDZ4n4XcJ$0c2cfe189ad26f7929397995146533d2cab481c7da98803836f9eb20bab82e6f","Charles","Ford"
"337","kramerstephen@gmail.com","pbkdf2:sha256:260000$l8YMypeq5oAi54U7$92b02052781e9cc2264148f06c84ae825d9d2ca0d7dbb505b2ed6bf6070dae82","Carolyn","Aguirre"
"338","jamesbarry@gmail.com","pbkdf2:sha256:260000$MV1qXYxJ75VsTYuw$11f04364a115b23baf08088e3d5d2504fcbf9da7ce29852be6bf633daa9318a6","Jeffrey","Robertson"
"339","judith12@hotmail.com","pbkdf2:sha256:260000$8FfZqJL0pgEIhV6j$3ebf74863eee040b198ce8cd7f7639fe3103df3b6c3d6a8bc2ae016553e3d677","Timothy","Howard"
"340","cynthiaallen@hotmail.com","pbkdf2:sha256:260000$7XrmY0vufhXLJoeU$051f479a2a27459f74684172fc77e41cfbacf48d77e2493f8868459a6510b9f8","Lauren","Jensen"
"341","mark41@gmail.com","pbkdf2:sha256:260000$MRFXZ7XmouUis0yH$a68c3b3b8a9783b15881256512fd00fc272f1640c14e33b1b33725c65f9d1eb6","Maria","Salazar"
"342","oross@yahoo.com","pbkdf2:sha256:260000$DJ54GXQTsgyTlAph$25ea6bc16457113abaf223fa15a3ad5e9b0528d0ab5d8ba4663584407b2d792c","Tyler","Reid"
"343","davidsonamy@hotmail.com","pbkdf2:sha256:260000$zGLWkk5AuMh0balQ$19c7b0c8c97b9796234f2b1c94d6a352dc7ea8f606b8257de263a1f8d2700e14","Willie","Clark"
"344","cgeorge@gmail.com","pbkdf2:sha256:260000$BHtpGWL51aumEX7q$a9af886300764bb69d3c3b65500023afcb49d5c269ca50fc3402f092feea2cea","Cody","Johnson"
"345","natashacraig@yahoo.com","pbkdf2:sha256:260000$g50JUfWF93ZvNacr$9aa57a08064edc305a57b234b434284ea394aef5a1e23192aeb968b3a4d8f6f8","David","Aguirre"
"346","icarney@gmail.com","pbkdf2:sha256:260000$OLkRa5SVv7Dfs7PG$a611fcc7200f61030fb3bb2113565f2bb4c09a0f7b86601836f20c669e56248d","Donna","Carlson"
"347","vbennett@gmail.com","pbkdf2:sha256:260000$kmqKEWcglNZwM9Z1$7d028f4879b8c0452a8abe5522c15f5941903f5049f7734f4f13f978afabc509","Sharon","Myers"
"348","harrelljason@hotmail.com","pbkdf2:sha256:260000$hgzV6zjLeF07CWKw$c7d67de8fa327220dd048e67c6de7ae1ca2ac400d89658e655eb04dfd2ba58fb","Courtney","Allen"
"349","ewalton@gmail.com","pbkdf2:sha256:260000$oz1juRebdZAAuZnZ$57efb30e0aa785386f4fc9d71e046784b8107e59689cd0fef96ce98ceb0b2c38","Joseph","Lopez"
"350","sextonjames@gmail.com","pbkdf2:sha256:260000$BBooaiSD6CVlyFdK$caa89a23c4a37ef72a746c42c34bc741cb2982ae6382ac319e3507c546e4bd5f","Tyler","Morris"
"351","tgarcia@gmail.com","pbkdf2:sha256:260000$F1i4w8IWqZlxtqAb$26e539f9a1285ec6e8eb249f53135a319a14d5f69c68e4c781f80fc8100411da","Kevin","Hansen"
"352","wmiller@hotmail.com","pbkdf2:sha256:260000$UimwiAUN8kFr4ZoO$c3ed6f01ed66b04f677181026b1d59ba4da1ab35d1518f9cc4ae3e88863b7654","Kristine","Green"
"353","marknielsen@yahoo.com","pbkdf2:sha256:260000$GFD7gbGO6qq8k3CN$f69d2c495fe07e2f74b07ccc533dbe5e4b806854d1d385eba4b505fc091baa23","Stacey","Pruitt"
"354","marc06@yahoo.com","pbkdf2:sha256:260000$XGyNTQF35X6edqBd$35520f6386c3b336433452d0f98f6620691db85f85257f1e94252f0ea876346b","Aaron","Ford"
"355","xho@gmail.com","pbkdf2:sha256:260000$W0lWilQeNhyqV7NL$c88eb4ed5b029ff725bfc8e3a63786fa75000d1bee71f4f65f8c76f9cee9e8c0","Courtney","DVM"
"356","kaitlin19@yahoo.com","pbkdf2:sha256:260000$1VMTSjVcfqMEkAW1$28e94af7374859aa4bd7c73813ebf3a06229dbe8c396cec9eb00781e6504fa62","Joshua","Crawford"
"357","bakeryvonne@gmail.com","pbkdf2:sha256:260000$kPg814sJPLgG1HTS$26c14b26f106327d2af282bbbe0688ca28f003fe06eaa000d08709c9cc175ab6","Samantha","Collins"
"358","amanda82@gmail.com","pbkdf2:sha256:260000$K35p6BW2C8Mrmxmu$942e1fc2ca532631c364ffe93c38c8addd5288f805601c89a62ac79b647ade67","Frank","Morrison"
"359","krasmussen@hotmail.com","pbkdf2:sha256:260000$w8qpSLQle3AwjM3u$784bc252bd6e15df0236c4936d4d8a0c228c7a59f0a1da24ffb4a3b15e53e252","Gabriel","Chavez"
"360","bsanders@yahoo.com","pbkdf2:sha256:260000$yhNhOx3vI0pvA45W$06b265b7278cacd0435c575bfac39651bdaf8b92289b34f11e9e28668b8e400e","Madison","Scott"
"361","martinezchase@yahoo.com","pbkdf2:sha256:260000$pwmGJpxtzK9bXkGl$16e0ad1656a19b77ebe27dfcd2ad978595e885582a164ad3aca91493e7bf49aa","James","Howell"
"362","benjamindavid@gmail.com","pbkdf2:sha256:260000$UFmjL1a328ozkA7J$a3be627d60015396c1fab69e06a1ec626cc3461f714bc21126c1dd8df29534f0","Melissa","Cole"
"363","thomasrobert@yahoo.com","pbkdf2:sha256:260000$NLzk0MwnIgdwZrSE$e7130eac0e3e06f8de832c3f1fb903752b26720ed9c1e4107dbdd7c113947b21","Connie","Ray"
"364","ajackson@gmail.com","pbkdf2:sha256:260000$ZXmOVpw9euZeZhP2$88014a2b92dfb56f88f5a4ca527e0c36f438980ba838b5ae46abc607e7ed83be","Vanessa","Thornton"
"365","sjones@yahoo.com","pbkdf2:sha256:260000$FFmUEQQCPT2l7snx$3f120a836c402cd0596dd8232d40ef40ca5f84d3c4998394da6c8913b2ed8916","Kevin","Robbins"
"366","autumn04@yahoo.com","pbkdf2:sha256:260000$iHsevTi9D1XsGHsI$b91a7438e123ea4c30eb36e7c0ebb12b6840abd8f66073592636fbe6fe6cf1ea","Heather","Reyes"
"367","zyoung@yahoo.com","pbkdf2:sha256:260000$LYGe0MY7HClwYQa9$83e529640a4e8d2a06c0cde8053c743ceee04346c8881d92341bc4470cbe8987","Todd","Lopez"
"368","ugrant@gmail.com","pbkdf2:sha256:260000$yKZfFetX6sMmPiNm$491d72d20bed78d98c377f08a88dc2f3f8cfca8294ee75fad5c653f4310f94ca","Shane","Delacruz"
"369","williamshaffer@gmail.com","pbkdf2:sha256:260000$5eE30nsHCrlum01Q$056c6d2c40962d466b58da1ca22aec748c95d7b6ce9bd515691735c8075da0b8","Thomas","Flores"
"370","michelleberry@yahoo.com","pbkdf2:sha256:260000$LgsVyl8nOEsyx9XP$443e254b7e3831e2ec2a9aea3ce7a6a796fa74ad62fd0c4f301171b00bf433b5","Rebecca","Ramos"
"371","austinatkins@gmail.com","pbkdf2:sha256:260000$0aXA8ZhCGZNlXt4r$9fe0b6cca994a812c94cf78d6c9b36962346e2fe18993e8e3a416a60ba68b56e","Jeremy","Thompson"
"372","jeffrey11@hotmail.com","pbkdf2:sha256:260000$yQDXfmKgd5zaAcn9$ccf921a7a64f15245ffeb402a989a2187b06ab41e52bf50f067410a85f640120","Sherry","Cox"
"373","mary01@hotmail.com","pbkdf2:sha256:260000$pkLzjvu4FyYZgj1A$b357da648db2262209ba84461ec4e68952151a3e4a9d64f9282fe4d7709736fe","Heather","Nelson"
"374","carrierich@hotmail.com","pbkdf2:sha256:260000$G7mhH1x8MA4JLRrI$7542d13217f7e9c79125d61f821df373e1fadfb580cd9652e2e5b407466b87b2","Philip","Ballard"
"375","speterson@yahoo.com","pbkdf2:sha256:260000$fudobl4qWrjPAvL7$b439cedbeb9e56df6cdfc8a7df9a47ced40e9d1142ac48894a35d13f2e99bab4","Erica","Ward"
"376","snowcarla@gmail.com","pbkdf2:sha256:260000$ctRTc9KSxuxA1nNf$d7b02917280203186a513c7dbca1f29c8762fff21a22fc3e2c8449903966d663","Vincent","Flores"
"377","smithjennifer@gmail.com","pbkdf2:sha256:260000$1FYhExgvJdDsdrET$52e533d882962504d5321327ffcf6852a88d370357aff57cb328d452dc538964","Teresa","Miller"
"378","johnhale@hotmail.com","pbkdf2:sha256:260000$3fQAeZ8ot0rLTaME$081abf1456ae648197e5dfe0e74d080a3efeb6de6fbf46193eb33a741d985e15","Joseph","Mccarty"
"379","bishopjimmy@hotmail.com","pbkdf2:sha256:260000$RuAsGRdA9MHOWPYC$ff53f4b3d84092556b5a1cab4314cdcf9ce001045622e14f2d219b60b5ff8999","Raymond","Cross"
"380","charlescrawford@hotmail.com","pbkdf2:sha256:260000$3kYSC4zvevecbgyq$e65ac1dd6801b5b661e848f9d7d28695ccd8e63f7a888bd08e8017530555bcc6","Gerald","Larson"
"381","lsmith@gmail.com","pbkdf2:sha256:260000$VUzG4iEEErzsGtTv$5897be96ef5435a96697bdcc239f8360cb245f0d5d8017ca019ef2df632c6ef5","David","Butler"
"382","nblankenship@hotmail.com","pbkdf2:sha256:260000$tKAwhs3Gsv3t8H2F$0a8397e31e0dbe8f3b618f52bfa84eb7fe4f50fdc809cfe812f921b46e9a5d20","Amanda","Leonard"
"383","michaelortiz@yahoo.com","pbkdf2:sha256:260000$EClyOAPL6HvK1QfD$151dd293f52bf8ae8522b80408fd5f2512bd22fbdfaa101bfbd0f3f9c18b9e6c","Alex","Williams"
"384","denisemoore@gmail.com","pbkdf2:sha256:260000$hDvHRTtd7ZOdU6q8$e09215e5271288a2491a34d124df65b6bf4d25c32def574304be9d54fda869b2","Lisa","White"
"385","kyledalton@yahoo.com","pbkdf2:sha256:260000$uiKDeS7Uc9vppzzW$6d46175a53b882836c44c750cee1fde4006122d25bc6059c5efe263c822b3435","Gerald","Foley"
"386","ibond@hotmail.com","pbkdf2:sha256:260000$H85zSY6QdtZtjib4$52854626d04aafa02074103a9207a48343497c7f6b69be06eb618e0fdf0b7e43","Kenneth","Sloan"
"387","geoffreymorris@yahoo.com","pbkdf2:sha256:260000$KgMzR6sYZBI7wGay$310ace453037479abda8d10748ac966927d9854239661bb9ca85d0adcfb8da54","Justin","Newman"
"388","tvincent@gmail.com","pbkdf2:sha256:260000$E5R5SnsSu6dcgkbI$76590f882553ff35dfdb4c5aad5d1a01b12aa14b813e7b0af374f90b6dc65de4","Erik","Medina"
"389","websterlaura@hotmail.com","pbkdf2:sha256:260000$moXmGKiNARpDO60b$63a90851ff02b4698995f3ef3b1c2037d21e553a43691f341da767aefff76f24","Jodi","Spencer"
"390","robertmoses@gmail.com","pbkdf2:sha256:260000$p5qjZzH6nfpCUpQd$553036cc51c967e768a75fce85ce0c8aa9c521768809be4c5f2c43e82fe593d2","Anthony","Gutierrez"
"391","henrytheresa@gmail.com","pbkdf2:sha256:260000$uClksfwVjVlciyOF$d1834fe6d69ad2e50b33f7a3c622056628a8ca812d6cd2ba08af60831c7de950","Christina","Curtis"
"392","nicolescott@hotmail.com","pbkdf2:sha256:260000$SFKI76dmXfcNnh5C$860d86466e7b29e0c707ba4ab404523aab767430af3e57ed94b60243e38c8362","Sarah","Hester"
"393","gregorybradley@hotmail.com","pbkdf2:sha256:260000$ayFwMELWdMhJJioh$8f375afa7d6bc991e2f35bb916137746ac27eb61122dbdd30774d6387657c3b2","Andrea","Bradley"
"394","dianaclark@hotmail.com","pbkdf2:sha256:260000$c8SeRSNADsujWd7W$8735745f5a48f354417565f85c171e22ee79d5914532d81908b44665cccdb447","Jesus","Little"
"395","dparker@hotmail.com","pbkdf2:sha256:260000$ffzw5NPwK6x3w9Yu$adf80f68a98d5ed1ca6fafaf32fe9814bbf737b4842cf50a6f2f8bb7fe0063af","Brandon","Meyers"
"396","greynolds@yahoo.com","pbkdf2:sha256:260000$bSGD3GqnBW9uI7oQ$98ad7549e195bad4edf20a977b0b096a8118faef5086db4e155bc84a0a7a67df","Brittany","Perez"
"397","ellen95@yahoo.com","pbkdf2:sha256:260000$RLIEeWV8icWveUjs$1d75588d991a8b09420293df0810784e39b9370ba1658a8e8e29f004d1265a27","Keith","Pineda"
"398","vruiz@yahoo.com","pbkdf2:sha256:260000$UYHmPAa4aBctMc6U$26564381d290989ce72e8bd9db0a3a9a82966a402631701d91d5d18875c574c9","Amanda","Porter"
"399","debra09@hotmail.com","pbkdf2:sha256:260000$09n5iMyI7otWy0xf$5b63e7515fdba600bcec44b8f465c20203f8681784a310bb9fe935e5450ebc20","Kathy","Ford"
"400","jesusblack@hotmail.com","pbkdf2:sha256:260000$wyavejep41OUdUzA$f9427641466417f7ca5da5817e30a4450d48d9f558a4e0c83566466ec992f1a8","Rachel","Smith"
"401","rhondaperez@hotmail.com","pbkdf2:sha256:260000$CYYTzN8Sw2VIkBcj$dfcbfff3a0f541de9b7759b4260da663661a99168ed9d2ca44a23ffb92bb5d6b","Eric","PhD"
"402","kevinjensen@hotmail.com","pbkdf2:sha256:260000$dCffoh2LRdX0dWdP$fee5f60fb76a8019bcf37ca7865603d10ed0f232433bc62c5da21f09d47124ec","Anna","Graham"
"403","snewman@gmail.com","pbkdf2:sha256:260000$JBtcLpZaRnApSM6s$1788f9bfaa4effc30d263c680079e081c07d32dace348d8fb49467f5bb10532c","Regina","Lee"
"404","jared76@hotmail.com","pbkdf2:sha256:260000$XuFSZZEUvpZwTuwm$c9d482bfadfe9a8a6a15cd974b6500995ea3670cdd43af4fe2d4946826e8362b","Joseph","Massey"
"405","davidsullivan@yahoo.com","pbkdf2:sha256:260000$DUsNVZ5dpZB64otu$481f5a3f25680c027db57a80bc2b1a36279d4b0c23b5e0c11177a2ea8fe89789","Lindsay","Reed"
"406","watsonmelvin@yahoo.com","pbkdf2:sha256:260000$nMdslgiFKoaBGiO9$4a9b1b44737b8bd0362a96225d9c4ecbb225539bf0db045176b327a0fe772c78","Steven","Taylor"
"407","kingmegan@hotmail.com","pbkdf2:sha256:260000$I0WGAtuzYc9uJ2v3$68522da5d6583421d59f79c67efc5770077d21ecb5914f5ba1e6b5714027988c","Kellie","Johnson"
"408","michelle03@hotmail.com","pbkdf2:sha256:260000$6ghKxRVE26sBHJn7$e21270938bf2dff28598e1d192a15bcc27adc62c941443ca4cea720c5622624c","Katherine","Salas"
"409","crobertson@hotmail.com","pbkdf2:sha256:260000$eZGyqIlDPHamQER8$f79f8c87bd51a93a40a07ed630166e607b262cdfdc3374ee30771d6b1c5e26ee","Tiffany","Sullivan"
"410","smithelizabeth@yahoo.com","pbkdf2:sha256:260000$62Tik5QNTVc8EmDU$7a534624d468ba30f3ecd60b5ebe318d91aed0e1b7ae4f231e56d8bf0d2a2ed3","Mary","Mcintyre"
"411","turnerrichard@hotmail.com","pbkdf2:sha256:260000$zVTFi2gbp5oIoGFe$70c88eb7325f61c1aa7ea698da99b2ffc5cdc7edcd172b7183c16c681628e7cf","Kenneth","Fernandez"
"412","felicia07@hotmail.com","pbkdf2:sha256:260000$D0QPGFc2IedHFpXy$273f74750749008940c8031fa9cb4a9123298a7a8310259ac94df5d9f74e6ce3","Mr.","Bradley"
"413","yanghannah@gmail.com","pbkdf2:sha256:260000$MinYtq4vqA7oqZyF$6cd6889aef7b26b791348cc0c0ad5db53946a1453fd8eaaa7bf72af33cbdeaa2","Nathan","Olson"
"414","coffeydavid@hotmail.com","pbkdf2:sha256:260000$FSKy71uC5RIGYgxP$6c65e3081b34855dcf1f69d6419914238cf922f720e9f3443e5038b6320bf02d","Kristen","Morris"
"415","santoscolleen@gmail.com","pbkdf2:sha256:260000$K5UnHWqZM2iexgRD$73b1efc7667c7c196f8859a9f3c4113c882e51fafe3fc68b4ab95b195de84347","Mary","Thompson"
"416","kingkathryn@gmail.com","pbkdf2:sha256:260000$Fmsy6C9XryjN2XyA$064e3489ea9b9a76ad8ecb21af97e80f63a66c3e23feff68c8a0b24df664edfa","Andrew","Reynolds"
"417","apeters@gmail.com","pbkdf2:sha256:260000$6mR5ntqFWVpMG0MA$dc787d12c26e0c027c0a6765bb6c87d1510bea6fcb56ce9130ce9eb1c32f37a2","Logan","Smith"
"418","sarah34@gmail.com","pbkdf2:sha256:260000$zmob6Oq7lzu6o3b4$1d9ec9fae457fb49e20a3904e0bdc74226b1086baf4b43478f197fbac1aa2684","Mrs.","Edwards"
"419","brianbaker@gmail.com","pbkdf2:sha256:260000$wC6i23OQ86Vny52i$f76ace2f70261228160397aae12021ba50c0e90b130479bef3ef78902664e5e2","Bryan","Wood"
"420","duncanbrian@yahoo.com","pbkdf2:sha256:260000$1cNJqHvmHCe2TOkS$e671ba8eb69dd0766d070a3a10fd380328c21357e9aa1419132344e462b6f8e9","Brian","Hickman"
"421","benjamin13@gmail.com","pbkdf2:sha256:260000$JIW4vOUCefD9YiUQ$d19d08e25d4060d601fefe7437e2e983079732359821a7236956afd06264c35e","George","Hill"
"422","ljohnson@gmail.com","pbkdf2:sha256:260000$Z0T7KDbZ60nx907U$554e93fd75b47b5767d1de44c915b679ca96afc8c0e5b5a0b76a0dd8eba64cb6","Jill","Davis"
"423","julie56@hotmail.com","pbkdf2:sha256:260000$fT1QXo9d0bAU08UU$e8d4a696072373272c47489a91f2b6e4cbca9ef1ea5e47498a0fbfc638af58c0","Jeremy","Hernandez"
"424","betty87@yahoo.com","pbkdf2:sha256:260000$pcWcGylsKU5AdmSP$3092e22215a7bf4f9ed2a9619abe3d1abad1307b24dfe56ea82dd4589563780f","Gary","Walker"
"425","carol54@hotmail.com","pbkdf2:sha256:260000$gBZrwpimj1BtMaMv$c3428c598bd71e045ad8468970e001143f4f699bd23c5fdbb428afcb866c37e6","Ray","Lee"
"426","bmyers@gmail.com","pbkdf2:sha256:260000$GzrCvUlXucyd2ng1$626e548075a9c4f7199d2ddf61b67e591d25440ad380d68be93f099f90a4a620","Charles","Cain"
"427","nsweeney@hotmail.com","pbkdf2:sha256:260000$wOg9GklwI6W0xk2M$0594612df2cea4dd68cfd1380d47ec16954f727ee36297f835dd5ff8cd6b8117","Taylor","Tate"
"428","acamacho@gmail.com","pbkdf2:sha256:260000$DsEa8yn51tur381H$253b1f5394bf62eff16421a5a0fff52f709b3d9b5acb2a43bc1e660b60de0bdc","Timothy","Mendoza"
"429","rebeccasaunders@hotmail.com","pbkdf2:sha256:260000$hTWTtd95kI1m72v2$e5707bd8af4b326b1121681d40722f417514ffc8db67cc9bd4fa580a306a3ea7","Daniel","Perez"
"430","gdawson@hotmail.com","pbkdf2:sha256:260000$buSJSwpNhosfibEI$adf2ada8f23b1c64fbc58a78d55ad1440843d375d072e440730ecafa79a7643b","Steven","Lyons"
"431","sylviameyer@hotmail.com","pbkdf2:sha256:260000$AdhSBJwKOUScvYMO$407d57993176b86bad0bc9a0caaa3f622ac49051a80b976661aaedcebb6506c3","Jasmine","Parrish"
"432","dawn24@gmail.com","pbkdf2:sha256:260000$8sVyvX22yLRLxjAg$e5ae0979335c6bdf0dceba9218b3e6ae293856ed3cc45a3d4c729e394ae52db0","Nicholas","Schroeder"
"433","simsconnie@hotmail.com","pbkdf2:sha256:260000$hfc9PICALOGO5dlm$5245a15fd1d8dfd39e0c9f873bab3d7cfe2092286117a9843e3309068ad6da18","Ellen","Adams"
"434","nicole86@hotmail.com","pbkdf2:sha256:260000$f0skJUJtih6QtPxS$70be676136cd471df2081d0579cbfc4823c54b8c1be1cbacab27e2fe5a30caa4","Rose","Benson"
"435","aleonard@hotmail.com","pbkdf2:sha256:260000$wIyTCQIlJA6yKmM0$dabc919e94f9735d504ad7fabee553b44c7417ce1b410ab61ea38d54600128ba","Dawn","Myers"
"436","gutierrezjeffery@hotmail.com","pbkdf2:sha256:260000$owakkWIgYkNYYj4b$1b743d195d98ee8434e53a03c5f9efeedc3cb189f34994f10721a250f0bfdeb8","Anthony","Cole"
"437","pamela48@hotmail.com","pbkdf2:sha256:260000$yopelSzUn2HE1qXc$d1d83d4a09c3ff3c6de4c300bc30ce2a6a127f6259cc1367f8cdec0b1f94822b","Kimberly","Norris"
"438","richard15@gmail.com","pbkdf2:sha256:260000$XvfD9O7yVfRrq0kL$2b6f1ae7813a472654c9368862a0fec50a18fa44c2edd7556489071fcf72d504","Melissa","Gay"
"439","jamesbrewer@hotmail.com","pbkdf2:sha256:260000$UZyZAIgjAS8RVOME$f2de5cda78f91ee0e90f8ece10af4dc48d30225384e115c1bc154dedf841974e","Christopher","Huber"
"440","wilsonleslie@hotmail.com","pbkdf2:sha256:260000$OKnXiPkf0LPvHLKH$766be3179c8cbfb568f1470463996fd9bfb120324ed885345d3ce0a046f64fac","Ashley","Mendez"
"441","whitekim@gmail.com","pbkdf2:sha256:260000$PZEXN2mjjBYnKImS$2ec955c3479fdabcc3ce13aa79b2c07780c439a0bb336592a01b278c2bc6a9cd","Roger","Williamson"
"442","nhouse@gmail.com","pbkdf2:sha256:260000$rrF4pA8PcD1bRqAq$b40b697a257ac3eab5709823a9f974d25d77dd0bd6fb549b5512ed8cb65de4f8","Steven","Gray"
"443","hharper@gmail.com","pbkdf2:sha256:260000$RjeXhdtsQabq9rf3$a79fcfdc18a149ba5b1f1d36ea6a575d622eefe74faab3670819ea7dfba0289b","Ashley","Hanson"
"444","smithkendra@yahoo.com","pbkdf2:sha256:260000$hblyBnNfxlSXUDaj$cf5953ae9ab3eebcf2ccad15f5b446502a764fbabb9ec48b20e334121b4ee846","Larry","Fowler"
"445","nlewis@gmail.com","pbkdf2:sha256:260000$FMrNo4Lo4QAKM0Lw$0c3cd27991f3cf25d5e82f71d274fa23249432d86a6430090cafe864bcb9a6c0","Ronnie","Arias"
"446","tammyjensen@hotmail.com","pbkdf2:sha256:260000$AyLWxa523vZdaFFT$0d480ad7728d497cffe3f3cc7a7616f4233ef8833e020f0371764aea6d04542e","Wanda","Stephenson"
"447","hwilliams@yahoo.com","pbkdf2:sha256:260000$aDZx7nnI1wRA5dCT$73595aa7756a79f32e2a1577c267f6307d1cadadc725b945bffeea1d86e3be56","Anthony","Parker"
"448","panderson@yahoo.com","pbkdf2:sha256:260000$Ofx2KwMHXtitK4lS$fcdeada6e176a9d83e24f6f4653a091d5ddcc63f969e62febc713dbe3f1d5a32","Alyssa","Hendrix"
"449","gonzalezrobin@hotmail.com","pbkdf2:sha256:260000$cTPhdCBIRMWtAJlE$9bc0d6f8400806f960fb659efd11b1f6f0b5a97147fed5adacde3d7f68ea0de8","Jessica","Lambert"
"450","kimberly91@yahoo.com","pbkdf2:sha256:260000$YDWkhMsZwG3sxKGB$77def1f4a8ef20cfb895a279f91854770059226f4f9790713a66feb4d78f1c55","Wendy","Klein"
"451","bmichael@hotmail.com","pbkdf2:sha256:260000$cS1rPs7FqaZpR1iY$56d4bcb54b87258d8dd6ae594aade583d5a0cde6904ef50ea3236b91f3b0705c","Matthew","Jackson"
"452","williamanderson@hotmail.com","pbkdf2:sha256:260000$aJytqSdzIjIuuCKa$81525841e6a295574237213627e752a39bcef7debcc67c6d3d94a3fe31be566d","Angela","Stewart"
"453","melissaball@hotmail.com","pbkdf2:sha256:260000$565JsqDjzFJZfibZ$444cf5977fb33623d65d90d99996105ad9e2cab5d6b9092b6dc7c3c4d2eae9ff","Amy","Nielsen"
"454","byrddonald@yahoo.com","pbkdf2:sha256:260000$9ZsZcjXLV8SCkhWA$fbe03dadb4de89ae30c088b4ac96444642b59bf85f57e11332a3ea825c568c7f","Tina","Miller"
"455","jlewis@yahoo.com","pbkdf2:sha256:260000$eorDMVYHLRUWVCuw$76386cb8c2614f34f7460891955e999c44fe3ab7009da8e5e068f80b612f5538","Jonathan","Johnson"
"456","arnoldlauren@gmail.com","pbkdf2:sha256:260000$4fBfN2N2dOiJO9l4$4b5403c8c6977089ab92d9384c666ab3d42186e593c4e15cc2103dcb6ccbe75b","Jonathan","Everett"
"457","wolson@yahoo.com","pbkdf2:sha256:260000$lhEUvAlx5pGqrvXE$b704ea29f125fda740fb70e0c873308f0b09adf2d7df3d2979bb68950d53de13","Lonnie","Smith"
"458","andrewgutierrez@hotmail.com","pbkdf2:sha256:260000$BLemBYi9R4vYJqQk$5a88fc54880e4feb906e3afde9b1de6ecf0f9821198f39a05b5aa67e7389d446","Adam","Hodges"
"459","jennifer73@gmail.com","pbkdf2:sha256:260000$3yDw34CeteemrYcq$b1ebd3cf4e2afa67134ccf3655636c599b55050e7760e77dfafc5e9e223285ed","Frank","Guzman"
"460","christian69@hotmail.com","pbkdf2:sha256:260000$7kpQx527ED6w6SKA$81db664d34bf3c2b7ff8bc3461e5cda6ea7b4af713b5d59743dbbb645462d79d","Heather","Pittman"
"461","smithchad@hotmail.com","pbkdf2:sha256:260000$V5DajDuAui5AX5zP$de77d072ba52e791acf6801c43ae5c1b95cc97732aaf930790ca412e0f0a2706","Makayla","Newman"
"462","justindavis@hotmail.com","pbkdf2:sha256:260000$tf0b6eiahbx51bGl$4080b1e6dc8e9b6d6db3bb506caa9bbe8740bd7b96f65fc28dd0717d966a6d7a","Carolyn","Odonnell"
"463","michellewilliamson@yahoo.com","pbkdf2:sha256:260000$WaowAmaGsixDz62A$0f9bf5ce26ba05a87959b4a4c0f81beb9af370312653a7e12f0b598d0ff0bce0","Benjamin","Wilson"
"464","christina75@yahoo.com","pbkdf2:sha256:260000$9KxQlzjn6xgAGugU$02189b1d86f7ed96b80751834ded146142e8814f50fa4c8e2eb504eea76a988c","Julian","Webster"
"465","wallstracy@hotmail.com","pbkdf2:sha256:260000$aefZOx6DfQAIlNTJ$8990d5a45ce7af94709f06e4fe90efa1941ab5e21137af6cd9777692a6dab8c0","Michael","Cooper"
"466","pgallegos@gmail.com","pbkdf2:sha256:260000$a36pBtlo5OUg3L24$45d391a30ccc0b4f6d7ffb6407c6ec6393bdf37722141145dde86dca2e575c23","Mr.","Olson"
"467","rsmith@gmail.com","pbkdf2:sha256:260000$BhaB9JJ7Xk8y1HAP$8dbf8d9537f2e24fb10ee8cfb27d9df1df0ab8737234ccfe4e4f482d723195e3","Mary","Rodgers"
"468","sharon41@yahoo.com","pbkdf2:sha256:260000$MxlMIaxjrQNVTezw$942fbd4d56793749feb2dbe157d5ba2f32e2a0c3d28bc72ec8c8a410e79a2ffa","Keith","Wright"
"469","omason@hotmail.com","pbkdf2:sha256:260000$fROFhLK5xu3NGJDt$d861a8e8c204759e5281cdbaa47fb5c1685c9cfbbfd8e4b43c6c2ee2eb482f36","Dustin","Clark"
"470","jeffrey50@hotmail.com","pbkdf2:sha256:260000$JdtdfnDgI3DG6hSX$3ea360f348d372fd0844abd2a8ec2b054340f7936515fd06e5b44f6a1430de68","John","Perez"
"471","rileygina@gmail.com","pbkdf2:sha256:260000$BBT33LLYxGjPQd0h$d101e7781b248bbf3d4e32cd8edcdfb3b3735d316337ef7ab4238590237f750c","William","Davis"
"472","rowegary@gmail.com","pbkdf2:sha256:260000$K8gyZvsSpYKKk4pC$ffe4b4c499dcf6725f9debb080f4e3cd31ac914801c95dfe15c9ee40de4307f6","Haley","Mitchell"
"473","wrightdwayne@hotmail.com","pbkdf2:sha256:260000$KCRDI8b7tmitWDcY$ba683ff5afb264462440f11ca316fc79fad984efba45842135292a034a05a5e7","Gilbert","Ramsey"
"474","jessica55@gmail.com","pbkdf2:sha256:260000$0stYs6aMcBsuE3WB$242508c98918b858f703a8427b58e0b3a7666741bd32237e88d7e031e91b8081","Rebecca","Jordan"
"475","fwilliams@yahoo.com","pbkdf2:sha256:260000$YOmH2LnvY8tz4UwI$d8d549e69544f560c43ac7a5c0c37d44d04339deab9c1ec8d34796db2488c559","Kimberly","Martinez"
"476","carolyn80@yahoo.com","pbkdf2:sha256:260000$BYT68ei2JaMbOpyr$c83921ee0f251f9138fda48b1fa2ff10627a09edbc94b6f946fa7a0884ff9887","Shannon","Garza"
"477","matthewdean@yahoo.com","pbkdf2:sha256:260000$X5LnY6mDvdZ87lRb$f986f49dd2eb178f8b0198cc08ac348e6363a73642d054475c219c46df58a52c","Annette","Bridges"
"478","oscarmurphy@hotmail.com","pbkdf2:sha256:260000$1hyihSIeYkRNWIpJ$50325ada12e5005d3d9af2d1de1780820f8ba8703cd64d396f297cdb927b099d","Jamie","Adams"
"479","jordanhodge@gmail.com","pbkdf2:sha256:260000$U8Z7XQ3jh3T3mcOo$a2595c46750d528411d734cd7b37e47f690e0751477080ffee5037af356f351a","Charles","Lewis"
"480","kempjennifer@hotmail.com","pbkdf2:sha256:260000$hloXTPFEIYlmz1BZ$224194fa1dec335c11dc19aa7984e8cbafe3a21a33a587c8e6ba9a8eb6b00417","Roy","Klein"
"481","fishercaitlin@yahoo.com","pbkdf2:sha256:260000$KAYVYt0UE5eJBSEw$81aa3ae7cde21642089379e890d4f5c394b9d47828ded905ef55f49d64e97dc8","Jason","Young"
"482","jcampbell@gmail.com","pbkdf2:sha256:260000$U6ziWO0hpsy8xeaj$e0bfb5261bbf2171d102828ddbf7bc2ce11a3f4e49233239f486b24db93a9829","Joseph","Hicks"
"483","kyle18@gmail.com","pbkdf2:sha256:260000$vzsmhetuFbF5ANOr$68a60d12e634ba496bc005efeb2485cf465447641913d87d79b9a581bdeb6665","Jessica","Boyer"
"484","dchaney@hotmail.com","pbkdf2:sha256:260000$Bl3ZUyRKy0DrZqTE$5b20e171ed4008b672981dae16a8a66465ea9e56b3e2e7ceec4a0963a78dbf7a","Sean","PhD"
"485","bryan25@hotmail.com","pbkdf2:sha256:260000$uCSnRn2IqBjwEH2m$5569caee5595370c52a8c2107c24e7334048f375f4e61ba01064ce301461c3b3","Dominique","Weber"
"486","kimberlypeterson@yahoo.com","pbkdf2:sha256:260000$R5CRCoS6caqBLnnE$4e19946fff7168a501969918bc96c6b3a84cbc2203f68132eeade47fe7594fab","Vanessa","Vargas"
"487","rachelellis@hotmail.com","pbkdf2:sha256:260000$nuboOxW6S5EpVkMg$93f9512530f0d443a3e744924f02905ac20fce0d22d235a1c84ee0ad7bbe4183","Jennifer","Le"
"488","wareelizabeth@yahoo.com","pbkdf2:sha256:260000$9elLrtlsDUsvCa17$463b35443f98b912f7c0ed5ef2b6c7348a49282031440ccb5bc389e46190eff1","Linda","Robinson"
"489","mckinneystacey@gmail.com","pbkdf2:sha256:260000$Es7UcwUntRuiDwly$0ae7855b189e838e0ea31552ac731746eda0f8134da92d60d147314fbf3b10f2","David","Grimes"
"490","leslie58@gmail.com","pbkdf2:sha256:260000$KCAwBPnkZWGhYZNk$6fa577ad5fe162f23ee27ba6d86bc50fb806b995f5a8493848e54e4fd43ccc89","Anthony","Skinner"
"491","smithstacy@hotmail.com","pbkdf2:sha256:260000$FKo6Zhf6Eb4C15Iv$3a1c6423399c319a04d16d4cedc881db7547c2c8d8dad1bca7803fdfc5ed3c68","Cassandra","Foster"
"492","hollyhernandez@yahoo.com","pbkdf2:sha256:260000$isl5lvxX1jexnxAc$654a4e01387286a2dc1853ee59ee7f658436913c0be6f145835b88f8c22bfd4d","Derek","Beasley"
"493","vincentrobert@yahoo.com","pbkdf2:sha256:260000$rG38z32BFgnnE00e$d8b0f78148b960a9432fc44b709b1f8c948d23576153259a22b71027816d9ddd","Emily","Murray"
"494","smithmary@yahoo.com","pbkdf2:sha256:260000$uqaUMMy5NfmwMSiG$3b63dfcc029f4576b3d34a6e8942748d43f339c6537cfbf96857b52e1dc3dda7","Laura","Cook"
"495","sherri09@yahoo.com","pbkdf2:sha256:260000$zr9tNJkfO1AiES06$b1676a41af0b6a5a63a7bfb4dfe8932d92ae25db9fe4c4ccfc5f12a9dad80dbb","Kimberly","Combs"
"496","yhuynh@hotmail.com","pbkdf2:sha256:260000$XUYKu0KWPuCNQzXw$f345f1cb858b6b44867c8d70f13474adcd1ecb93ac547386e9343350e6e6420b","Spencer","Williams"
"497","brookssteve@hotmail.com","pbkdf2:sha256:260000$l3Yn1t9q1YuSyVya$a79769fe422f11031532f39ea72f30b70d3721283ae94aacbf74f85f17f0b883","Christine","Roman"
"498","brandall@gmail.com","pbkdf2:sha256:260000$4HXjxosSRZS8dTUG$78bdab8c1f6d6b21db3c64aedd99924f2b591233f50ebb5eaa82f412fcdff21d","Lisa","Lee"
"499","scott89@gmail.com","pbkdf2:sha256:260000$nT7N5p1FfrMkJaS7$30d7d8569da27f514c7b0b0d6a35973c8bdd7a4b9994769e6d6be295cedada4f","Heather","Valenzuela"
