"0","614 Lindsay Track
Lake Stephanietown, DC 15390"
"1","251 Gary Camp Suite 643
East Annetteville, LA 48616"
"2","29077 Emily Stravenue Apt. 281
Lewismouth, OR 59603"
"3","71388 Stephanie Orchard Suite 052
Shawnport, WY 64116"
"4","85694 Lara Street Apt. 860
North Amy, IN 86632"
"5","677 Kimberly Dam
South Joshua, HI 76008"
"6","0533 Young Loaf
Larryland, ND 71748"
"7","USS Campbell
FPO AE 02340"
"8","9089 Megan Station
New Catherine, UT 27876"
"9","103 Paul Run
East Deborahmouth, FM 06070"
"10","USNV Nguyen
FPO AP 08474"
"11","40926 Todd Gateway Apt. 888
Timothychester, DC 12418"
"12","522 Baker Route Apt. 875
West Sue, MH 17138"
"13","458 Barton Rapid
Sanchezfort, NE 73611"
"14","719 Carlson Mill
New Ellen, NJ 21076"
"15","781 Randy Stream Apt. 179
New Jennifer, MH 63991"
"16","9123 Madison Walk
Cookland, MN 95106"
"17","784 Arthur Squares Suite 151
Davidton, DE 43721"
"18","695 Ann Walks
Elizabethtown, UT 96559"
"19","33057 Brenda Cape Suite 947
North Michelle, AR 05227"
"20","3425 Christian Inlet Apt. 611
West Caitlinside, CA 98043"
"21","989 Best Park
Matthewstad, NH 27677"
"22","0739 Ware Canyon Apt. 478
North Kevinview, DE 01275"
"23","PSC 0459, Box 4510
APO AE 51186"
"24","565 Betty Walk Suite 306
West Jessica, FL 86050"
"25","93980 Brooks Roads Suite 771
South Mark, KY 88125"
"26","262 Heidi Cliff Suite 864
Lake Amanda, PR 82967"
"27","Unit 4349 Box 9603
DPO AP 54088"
"28","PSC 7676, Box 6952
APO AP 51311"
"29","202 Austin Fords Apt. 687
East Maryfurt, KS 92117"
"30","8439 Patrick Locks Suite 920
Ronaldland, CO 37856"
"31","078 Mark Ridges Suite 527
East Beth, MT 41269"
"32","4036 Hill Fords Suite 421
Port Zacharyville, MN 52084"
"33","91902 Alvarado Harbor
Josephstad, MO 30719"
"34","36979 Sanchez Flat
New Victoria, ND 58171"
"35","698 Berg Trail Suite 203
Johnchester, AK 88270"
"36","Unit 3000 Box 1169
DPO AE 91636"
"37","09250 Cross Roads
West Allison, AL 77558"
"38","779 Jeremy Highway Apt. 797
Amandaport, HI 21541"
"39","922 Byrd Rest
South Charles, KY 21195"
"40","13047 Blackburn Unions Suite 868
New Christopher, MP 96201"
"41","84603 Carson Fields
West John, VT 01424"
"42","0653 Baldwin Cliff
Garciaport, NC 33162"
"43","85909 Steele Corner Suite 331
Snydershire, MO 87884"
"44","43355 Angelica Loaf Apt. 160
East Jillview, IA 02943"
"45","492 Williams Mews
Rachelland, FL 40745"
"46","687 Kaiser Forges
Martinfurt, AZ 16763"
"47","77781 Pacheco Viaduct
Sheppardmouth, DC 75301"
"48","585 Walters Lodge
Lawrenceland, AR 48335"
"49","49995 Martinez Burg
North Amy, AS 35488"
"50","5081 Patty Neck
Port Leahville, FL 43336"
"51","602 Thomas Parkways
Port Leah, IN 64413"
"52","USNS Juarez
FPO AP 29518"
"53","71985 Lambert Drives Apt. 323
Port Michael, MI 73980"
"54","606 Cannon Squares Apt. 950
South Richardville, PA 33083"
"55","34962 Melvin Manor Apt. 358
Kristinburgh, PW 23987"
"56","6707 Clay Trace Suite 385
Port Angelastad, WY 49022"
"57","4336 Michael Stravenue
Fletcherview, PR 52950"
"58","877 Poole Trail Suite 898
Lindseyfort, NC 08097"
"59","78618 Audrey Road
Rodgersside, VI 18371"
"60","724 Christine Bridge Suite 256
Alexanderland, VA 77856"
"61","60704 Shaw Mountain Suite 918
Port Traciebury, NM 59472"
"62","388 Thompson Camp Suite 219
Garzaberg, NM 32971"
"63","687 Brett Springs
Adamhaven, VT 24709"
"64","22070 Herrera Ford
Millermouth, NV 05162"
"65","901 Burton Ports
Suttonshire, VI 28925"
"66","81882 John Port Suite 713
Mckinneyside, SD 61713"
"67","043 Rodriguez Turnpike Suite 018
New Laura, OR 58642"
"68","65972 Wilson Vista Apt. 487
Jeremyfort, DE 26382"
"69","896 Allen Plaza
Port Andrewton, KS 31864"
"70","21528 Beck Path
Candicehaven, GA 61146"
"71","754 Kelley Freeway
South Josemouth, SC 66219"
"72","488 Walker Overpass Apt. 862
Alexisburgh, ID 56984"
"73","15128 Valerie Run Apt. 204
Sellersport, NV 39432"
"74","Unit 0203 Box 4604
DPO AA 86017"
"75","4254 Johnston Knolls
New Rebecca, CO 27617"
"76","9111 Sergio Bypass
East Devinfurt, AZ 18985"
"77","12175 Hernandez Ridge Suite 667
Brownshire, NM 25173"
"78","8066 Leonard Fall Suite 048
Deniseland, VA 32313"
"79","711 Delacruz Motorway Apt. 333
East Stephanie, AK 75341"
"80","PSC 0759, Box 0884
APO AA 27481"
"81","279 Jacqueline Road
Johnsonville, SD 90866"
"82","9956 Smith Knolls
New Cheryl, NV 31014"
"83","85358 Jackson Ferry
Lake Markview, TN 23709"
"84","125 Ortiz Street Apt. 234
Lake Andrewhaven, NC 45994"
"85","778 Hansen Pine
Timothyburgh, KY 38831"
"86","5499 Glover Spurs
West Lisamouth, VT 95412"
"87","2985 Wilson Trace Apt. 888
Ericafurt, RI 97075"
"88","720 Roberts Landing Apt. 684
East Christian, KS 70400"
"89","910 Holder Streets Suite 452
New Connie, CA 70189"
"90","22666 Michael Knolls Suite 534
Thomasmouth, OH 06451"
"91","9574 Berry Garden
Munozchester, FL 74619"
"92","27451 Villanueva Lock Apt. 441
Butlerborough, SC 44446"
"93","552 Chang Corner Suite 059
Duncanmouth, KS 03680"
"94","627 Gomez Stravenue Apt. 881
Lake Vincent, OK 31197"
"95","326 Michelle Flats Suite 204
Jonesfurt, CO 67454"
"96","99460 Goodwin Mountain Suite 818
West Kim, TX 69950"
"97","200 Mccormick Station
North Danaville, IL 26614"
"98","735 Evan Field
North Caitlin, DE 88397"
"99","4692 Jackson Gateway Suite 289
New Ericborough, AK 74297"
"100","149 Neal Parkways Suite 837
Lynchfort, OR 95887"
"101","USNV Lewis
FPO AE 74390"
"102","03572 Durham Run Suite 514
Rivasville, WI 53011"
"103","209 Miranda Camp Apt. 355
Chadmouth, UT 19439"
"104","549 Robertson Drive Suite 610
Parksborough, OH 97866"
"105","991 Jennings River Suite 307
Port Juanville, AK 16788"
"106","779 Ford Ville
East Katherineton, PA 20481"
"107","2998 Adams Hill Apt. 198
West Earl, AL 67905"
"108","893 Jenkins Plains
Matthewshire, PW 62703"
"109","4686 Johnson River Apt. 981
Port Pamelafort, AL 16074"
"110","056 Joseph Island
Fullertown, PA 62544"
"111","930 Martin Camp
South Matthew, DE 38046"
"112","42903 Rocha Crossroad
Christopherborough, NM 59481"
"113","8668 Elizabeth Squares Apt. 645
South Melissa, ND 30689"
"114","15433 Gibson Radial Apt. 724
West Samanthatown, NY 79613"
"115","90439 Justin Burg
New Heathertown, GA 92684"
"116","76748 Nicole Circle Suite 840
Lake Justinhaven, LA 54705"
"117","410 Logan Isle Apt. 839
Goodwintown, FM 66777"
"118","118 Nelson Lights
Mccannhaven, CA 51920"
"119","70844 Jacob Crossroad Suite 440
West Dennisfort, MD 60535"
"120","33276 Duffy Avenue Apt. 274
Lake Jeremyfurt, OR 38487"
"121","71429 Bradley Grove Suite 137
Kelseychester, MN 39725"
"122","1224 Madeline Corner
Port Jeffrey, OR 38612"
"123","73829 Cross Burg
New Gilbertchester, ND 35079"
"124","765 Howard Pass Suite 231
Norrisville, AZ 95879"
"125","0395 Smith Roads
West Todd, KS 42838"
"126","952 Joshua Street Suite 718
Veronicaside, MH 11934"
"127","5681 Johnson Rue Apt. 119
Gregoryshire, NV 43173"
"128","Unit 5273 Box 0810
DPO AA 34594"
"129","68816 Contreras Spurs Apt. 048
Shawnside, PW 24579"
"130","890 Miller Estate
East Justinmouth, ND 02554"
"131","932 Harvey Hill Apt. 642
Jacobsport, WY 54339"
"132","288 Lara Drives Apt. 925
Gardnerfurt, AL 47998"
"133","750 Griffith Loop Apt. 045
West Susanborough, NH 95167"
"134","528 Emily Squares
New Ashley, NJ 47247"
"135","4287 Rose Ways
Evansburgh, MT 41368"
"136","1831 David Fork
Burkestad, OR 75004"
"137","697 Pitts Stravenue
Lake Catherineville, AL 93759"
"138","4068 Daniel Overpass Apt. 952
South Vicki, MN 53292"
"139","USCGC Harris
FPO AP 17539"
"140","87479 Clark Squares
West Margaret, NV 92941"
"141","2168 Benjamin Meadows
Jessicabury, CO 13780"
"142","PSC 3176, Box 3397
APO AA 00848"
"143","2554 Paige Forge Apt. 218
North Christopher, TX 88524"
"144","567 Woods Falls
Hodgeville, FL 54193"
"145","84252 Linda Island
North Colleenfurt, MS 75370"
"146","7445 Wallace Island Suite 122
Jasminemouth, GA 79608"
"147","115 Clark Heights Apt. 919
Justinton, AS 33677"
"148","PSC 9852, Box 1854
APO AA 75172"
"149","70974 Joseph Expressway Apt. 773
Jonesside, KS 64579"
"150","588 Anthony Field
New Emily, WY 27656"
"151","323 Hernandez Glen Suite 078
West Suzannechester, PW 68514"
"152","17739 Gonzales River Apt. 588
Port Jonathan, LA 53976"
"153","36636 Pace Forge
Kingmouth, VA 78533"
"154","5732 Rodney Camp
Tuckertown, ND 98244"
"155","87047 Erin Lodge Apt. 847
Lake Cindy, SC 45032"
"156","28349 Erika Stream
Nicholasville, NV 85441"
"157","15810 Collins Street Suite 232
Lake Meagan, AS 68381"
"158","449 Mcconnell Walk
Bishopburgh, MP 46499"
"159","56500 Martinez Courts Apt. 741
Tiffanyfurt, IN 37997"
"160","26811 Rachel Estate
Judithview, AZ 69324"
"161","46935 Newman Knolls
Webbchester, MH 06582"
"162","7710 Wall Keys Apt. 316
Port Jasmine, MT 86232"
"163","86860 Jones Mews Suite 840
Martinezborough, VA 50331"
"164","4685 Fitzgerald Glen
Royland, UT 11553"
"165","654 Jesse Pines Suite 250
Port Michael, GA 16408"
"166","544 William Club Suite 328
East Samuel, MH 66317"
"167","136 Weber Cape
Calvinfort, GU 85990"
"168","51951 Roger Extension
North Eric, CT 76549"
"169","USNS Ross
FPO AA 21508"
"170","107 Acosta Prairie
Lake Oliviamouth, NM 28469"
"171","05375 Sara Street
West Jared, PR 33844"
"172","Unit 4906 Box 4763
DPO AE 87215"
"173","311 Chelsea Springs Suite 240
East Justinland, AS 40106"
"174","23119 Beard Forest Suite 315
Coxfurt, AZ 18216"
"175","03663 Johnson Cove Suite 665
Thompsonbury, VI 85504"
"176","0480 Gonzalez Keys
Port Dennis, RI 51020"
"177","8381 Coleman Inlet
South James, MI 08921"
"178","73474 Garcia Course Apt. 743
South Randallfort, FL 19164"
"179","4407 Mcdonald Causeway Apt. 595
Matthewsside, MD 75470"
"180","283 Jackson Branch Apt. 094
Williammouth, MO 18695"
"181","04573 Sandra Dale
Melissaton, MI 06928"
"182","529 Smith Knolls Suite 992
Lake Billy, HI 66344"
"183","615 Mcdonald Drive
Christopherton, NC 10216"
"184","581 Ward Square Apt. 431
Morrisonbury, NC 58036"
"185","Unit 3185 Box 1335
DPO AP 30655"
"186","5765 Timothy Ferry
Thomasmouth, NC 24023"
"187","4195 Rodriguez Knoll
Lewismouth, HI 90235"
"188","310 Brandy Road Suite 313
Lake Tinastad, NY 62575"
"189","4162 Anderson Stravenue
Jamesmouth, NC 02199"
"190","608 Jones Pines
South Charles, MT 12369"
"191","1626 Michelle Crossing Suite 031
Hernandezburgh, TN 60377"
"192","292 Simon Mount
Christopherhaven, OR 45144"
"193","6420 Doyle Lane Suite 595
North Melissaton, NE 95681"
"194","376 Elizabeth Crest Apt. 476
Abigailport, HI 10777"
"195","PSC 3745, Box 1686
APO AA 47968"
"196","19124 Brian Bypass Apt. 654
North Alexander, MS 99664"
"197","9460 Kevin Greens
Simmonston, ID 98871"
"198","5959 Davis Ways Apt. 955
West Kevinborough, MD 54981"
"199","06821 Lauren Point
Jamesville, NM 13633"
"200","37507 Edwin Well
Lake Richard, MD 48419"
"201","2479 Wilson Lakes
South Tanyaport, TN 00621"
"202","4131 Lang Ports Suite 763
West Jack, CA 91311"
"203","94688 Franklin Expressway Suite 787
Jasonfurt, PR 96123"
"204","8483 Thomas Glen
Annamouth, OK 44705"
"205","PSC 7740, Box 3659
APO AP 99724"
"206","05967 Lozano Stravenue
Lake Richardville, MO 44717"
"207","7595 Jennifer Underpass Apt. 618
North Barry, SC 50007"
"208","45934 Andrew Creek Apt. 626
Haleyburgh, PW 24929"
"209","66371 Eric Viaduct Suite 775
Jeremyfurt, NJ 60073"
"210","691 Russell Port
North Blakefurt, LA 16559"
"211","4953 Misty Hills Suite 610
East Sheri, IA 38473"
"212","31144 Angela Summit Apt. 205
Josemouth, VA 20218"
"213","21953 Hamilton Plain
Leonview, CO 06861"
"214","12720 Davis Square
New Robertchester, ID 90741"
"215","2756 Darrell Islands
West Belinda, AS 60608"
"216","7158 Laura Rapids
Diazbury, GA 61199"
"217","1471 Riggs Valleys
Kathleenport, FL 24855"
"218","PSC 5754, Box 8446
APO AP 69423"
"219","PSC 4485, Box 3544
APO AA 23104"
"220","7754 Shaw Road Suite 939
Cassandraland, VT 49865"
"221","8442 Joanna Plain Apt. 570
Andreaville, NH 65517"
"222","8400 Savannah Plains
Lisaberg, TN 99623"
"223","97106 Cameron Extension
Tinabury, AK 52375"
"224","2673 Logan Throughway Suite 973
South Bradleyville, NV 82568"
"225","6825 Douglas Manors Suite 461
South Aaronberg, OR 40372"
"226","9891 Matthew Villages Suite 212
Andersonside, OR 62701"
"227","5460 Whitehead Mall Apt. 036
East Joshuaton, OH 82682"
"228","315 Waters Grove
North Benjamin, MA 92088"
"229","43112 Michael Isle Apt. 784
East Michaelberg, WI 62016"
"230","9922 Brandon Ridges Suite 481
Lake Timothy, NY 99535"
"231","8228 Jason Ferry
Lopezbury, MT 66429"
"232","Unit 3964 Box 6559
DPO AP 53558"
"233","13836 Frost Loop Suite 518
Floresland, WA 47904"
"234","107 Anderson Glen Apt. 572
Michaelberg, TN 16607"
"235","6922 Lewis Hills Suite 604
Stonefurt, KY 16694"
"236","06483 Kathryn Ferry
Mcdowellton, MN 99605"
"237","51852 Porter Lights Suite 080
South Nathanshire, IL 97569"
"238","92724 Janet Trace
Baileyburgh, IL 07649"
"239","USNV Hendricks
FPO AP 03563"
"240","86098 Jackson Street
West Sherylshire, MS 12339"
"241","07040 Aguirre Via Apt. 859
Riveratown, CT 75284"
"242","58095 Gloria Canyon Suite 206
North Carl, NV 56670"
"243","309 Reyes Views
Simmonsmouth, NJ 15992"
"244","42297 Hoffman Inlet
North Amberton, PW 72481"
"245","2085 Jessica Trail Suite 562
Townsendborough, TN 16431"
"246","0665 Amanda Views
East Sarah, SC 71411"
"247","1402 Melissa Inlet Apt. 688
Port Gregory, AK 49516"
"248","851 Matthew Oval
Raymondville, LA 74087"
"249","297 Garcia Throughway Suite 049
Markshire, SC 43822"
"250","198 Mason Shore Apt. 752
New Tammy, CA 76512"
"251","63952 Lewis Shoals
Andrewside, WY 39195"
"252","USNS Hall
FPO AP 82391"
"253","PSC 1268, Box 9882
APO AP 80020"
"254","1358 Jacqueline Fords
Gloverview, ME 76517"
"255","Unit 1805 Box 6351
DPO AP 81485"
"256","746 Myers Harbors
Gomezville, VI 43429"
"257","Unit 6738 Box 6607
DPO AP 97021"
"258","44109 Erica Loaf
South Sylvia, DC 82956"
"259","PSC 9509, Box 3855
APO AP 81889"
"260","234 Lopez Harbors Apt. 689
South Joshuaburgh, IA 33390"
"261","882 Amy Turnpike
West Tonyberg, ND 65423"
"262","686 Jennings Lake
Younghaven, UT 39148"
"263","62866 Anderson Avenue
East Bob, ND 17085"
"264","66254 Michael Manors Apt. 133
Youngmouth, MD 03331"
"265","0081 Baker Mission
Padillamouth, KS 28390"
"266","6813 Maria Key
South Nicholasstad, DE 65588"
"267","9384 Julia Centers
Johnstonside, NY 56730"
"268","14987 Fleming Walk Suite 989
Port Natasha, KS 53588"
"269","973 Ball Springs
Manningport, KY 56738"
"270","920 Joseph Ports
Danielleside, AZ 17626"
"271","423 Craig Route Apt. 886
Port Jeremy, MT 61342"
"272","87671 Smith Cliffs
Youngborough, FM 89194"
"273","54434 Scott Parkways
Lake Stephanieport, AK 44554"
"274","229 Medina Islands Apt. 422
East Bob, ID 97072"
"275","8010 Martinez Center Suite 392
Lake Adamland, MH 78850"
"276","0020 Robert Landing
East Tylerfurt, MS 25898"
"277","02604 Anderson Loaf Suite 459
South Williamburgh, IA 30234"
"278","1226 Hopkins Roads
East Brandonmouth, KS 54884"
"279","09940 Franco Divide
Johnsonfort, AR 48724"
"280","9923 Morse Loop
Kingside, OH 60916"
"281","401 Hickman Canyon
Port Veronica, NM 12254"
"282","55915 Mark Ridge Suite 761
Lopezshire, CO 05200"
"283","748 Kathryn Manors
South Mikayla, TN 53376"
"284","6629 Erickson Estate
Walkermouth, VA 50245"
"285","3496 Annette Alley
Brownshire, MH 38016"
"286","570 Stephen Parks
East Carolynmouth, MS 52631"
"287","994 Michelle Park Suite 683
Newmanton, NV 89467"
"288","5387 Christine Mountain
Walkerfort, DC 35702"
"289","41531 Sullivan Village
New Charles, SC 34409"
"290","7001 Rodgers Cliffs
Bruceville, TX 88485"
"291","6836 Noble Roads
Jonesmouth, CT 88660"
"292","87561 Colleen Mills
Port Brendaland, DC 92751"
"293","851 Crystal Grove Suite 117
Danielside, CT 42669"
"294","73670 Garcia Locks
Phillipsborough, HI 12639"
"295","1818 Williams Hill
Erinbury, OR 06785"
"296","147 Neal Isle Apt. 045
Lunamouth, DE 60354"
"297","21546 Mack Route Apt. 387
East Robertberg, UT 19521"
"298","979 Torres Knolls Suite 128
Hallmouth, VI 79173"
"299","01569 Wilson Canyon
Port Steven, FM 54731"
"300","9911 John Square
Port Paigeberg, OH 30929"
"301","167 David Mission
Petersenville, VI 73402"
"302","4844 Bradley Villages Apt. 396
Gillhaven, MH 60363"
"303","370 John Terrace Suite 564
Lake Paulmouth, MH 30089"
"304","221 Andrew Cove Apt. 598
Stephenborough, ID 20474"
"305","064 Isabella Locks
Evansbury, ME 82506"
"306","570 David Flat
North Jesse, NY 96733"
"307","917 Bradshaw Walk
South Ronaldside, FM 15805"
"308","80101 Lewis Track
Destinyfurt, CT 19318"
"309","8127 Todd Locks Apt. 890
Lake Stefanietown, ME 57777"
"310","212 Brian Circles
South Robert, LA 88383"
"311","Unit 6899 Box 2854
DPO AP 11477"
"312","8704 Renee Radial Suite 842
Clarkfort, WA 98414"
"313","6348 Guzman Route
Lake Samanthafurt, MA 53514"
"314","0396 Cory Vista Suite 276
South Trevorside, WA 58544"
"315","063 Benjamin Divide Suite 898
Marquezchester, CA 02092"
"316","9250 Sarah Mountains
Lake Andrea, CA 42931"
"317","USNS Pacheco
FPO AP 09985"
"318","6852 Larson Flats Suite 800
Antoniochester, ID 14164"
"319","16508 Chavez Forks
Boonestad, NV 84348"
"320","USS Thompson
FPO AA 08892"
"321","860 Maureen Views Apt. 522
Port Deborah, OK 57577"
"322","569 Bryant Crossing
New Richardstad, AZ 90157"
"323","Unit 1420 Box 5450
DPO AP 72561"
"324","26365 Wells Forge Suite 870
Taraport, LA 11473"
"325","44342 Christopher Knolls
West Jodiberg, IA 92612"
"326","35873 Stanton Motorway Suite 758
New Brian, ID 82455"
"327","8140 Evans Hill
Bradleyton, MH 29199"
"328","337 Underwood Squares
Wallaceport, MT 05976"
"329","302 Jeremy Lane Apt. 700
West John, KY 95660"
"330","08021 Turner Ferry Apt. 936
New Eric, HI 60519"
"331","3753 Hawkins Spurs Apt. 357
West Matthew, AR 62298"
"332","970 John Plaza Apt. 772
East Christinabury, TX 09805"
"333","1012 Ashley Radial Apt. 564
Port Catherineborough, HI 74751"
"334","31141 Campbell Light Apt. 285
Lake William, PR 88086"
"335","6918 Hannah Harbors Apt. 939
Garciafort, ME 11914"
"336","3309 Mitchell Expressway Apt. 098
Melissafort, PR 91940"
"337","917 Martinez Ports Suite 521
Claychester, LA 66922"
"338","999 Phillip Harbors Suite 623
Michaelberg, HI 78236"
"339","070 Joseph Isle Suite 938
Garzahaven, FL 11107"
"340","83836 Julie Lane Suite 244
Port Julieview, CT 42686"
"341","PSC 7878, Box 7390
APO AP 29726"
"342","39761 Kathryn Terrace
Lisaview, NJ 10157"
"343","3980 Gardner River Apt. 813
Gravesshire, IL 46861"
"344","35162 Cole Island Suite 385
East Jane, NY 11604"
"345","3136 Joel Green
Munozborough, GA 08435"
"346","1193 Marcus Square Apt. 369
North Jennifer, TX 04421"
"347","9581 Adams Neck Suite 087
Carolburgh, MS 17746"
"348","2077 Stacy Crossroad
Yvonnehaven, VI 85983"
"349","USNV Daniels
FPO AE 86351"
"350","87111 Perez Curve
Penastad, LA 47574"
"351","05556 Jacqueline Drives Suite 844
New Jameshaven, NH 37964"
"352","090 Nicole Cliff
New Danielle, NH 02550"
"353","9527 Thomas Road Apt. 748
South Brooke, NY 66898"
"354","52139 Brown Ports Apt. 578
Cookefort, NH 00866"
"355","USNS Cole
FPO AE 64240"
"356","54961 Cesar Wells Apt. 686
Lake Michaelview, OK 34348"
"357","5647 Devin Key Suite 796
East Joseph, FM 82331"
"358","USS Pratt
FPO AP 86249"
"359","820 Henderson Forest
Bethbury, SC 20147"
"360","8329 Downs Lakes
Baileyland, AK 95371"
"361","0955 Jesus Land Apt. 715
West Meganborough, SD 92234"
"362","4688 Estes Radial Suite 293
Lisaland, WA 01376"
"363","44913 Marshall Dam Apt. 265
Sydneymouth, HI 37169"
"364","326 Sandra Rest Apt. 173
East Ginafurt, MS 63302"
"365","79551 Newman Port
South Josemouth, AS 83285"
"366","635 Davis Stream
East Andrew, AL 23626"
"367","92460 Bryan Loop Apt. 114
South Ginashire, FL 52741"
"368","90236 Williams Run
Cooperbury, OK 43021"
"369","PSC 5704, Box 0130
APO AA 96711"
"370","4062 Bennett Trail
Clarkberg, NH 83036"
"371","2812 Kyle Parkways Suite 692
Kristinemouth, WA 29020"
"372","750 Lisa Track Suite 449
Lake Stephen, WY 30630"
"373","9910 Meredith Cliffs
Figueroamouth, MA 46810"
"374","196 Thomas Courts
Lake Shannonberg, OH 45799"
"375","53154 Smith Mountain Suite 617
Heatherport, IA 34575"
"376","4502 Kristina Corner Suite 988
Seanberg, AL 90053"
"377","156 Coleman Throughway
Sandersshire, NE 63607"
"378","492 Cunningham Stravenue Apt. 336
Masonton, NM 32312"
"379","6445 Lewis Parks
Ricardoton, MP 56133"
"380","1573 Shelton Camp
Lake Elizabethchester, NY 37152"
"381","9741 Eric Bridge Apt. 090
Mitchellburgh, GA 31658"
"382","613 Jennifer Hollow
North Katie, TX 67556"
"383","94237 April Square
Kiaraberg, FM 51983"
"384","03764 Hood Run
South Erin, AR 99263"
"385","676 Baker Branch
New Eric, MI 16746"
"386","354 Jeffery Creek
South Grace, AS 02111"
"387","039 Lisa Parks Apt. 059
Aliciamouth, HI 44035"
"388","6898 Barnett Gateway
New Thomasshire, AS 67861"
"389","99132 Schmidt Neck
Ellisshire, PW 43040"
"390","353 Jennifer Drive Apt. 341
Michaelville, KY 55488"
"391","37874 Sutton Rapids
North Robert, AR 88985"
"392","12983 Rodney Roads Suite 568
New Derrick, SC 58561"
"393","871 Nunez Mountain
Port Aaronstad, AR 46080"
"394","58660 Kimberly Vista
Mcdowellhaven, IL 38656"
"395","996 Lori Passage Suite 265
Fisherville, NY 67021"
"396","9652 Brandon Common
Lake Susanshire, CA 06112"
"397","34621 Patricia Rapid Apt. 313
East Jilliantown, NV 50545"
"398","30119 Mcfarland Station
Vasquezbury, MA 86491"
"399","43075 Camacho Dam Suite 805
Jamesport, NC 52198"
"400","235 Miller Lake
Sandrabury, IA 72355"
"401","36150 Stephen Inlet Apt. 108
New Debra, AS 65891"
"402","55535 Boyd Trafficway
Dylanport, AS 78310"
"403","838 Maureen Freeway Apt. 368
East Angelafurt, WA 56390"
"404","474 Clark Locks Suite 510
Kimberlyview, AS 09368"
"405","124 Fox Ferry Apt. 207
Brianchester, ME 35343"
"406","29990 Brent Place Apt. 954
Youngport, KY 29881"
"407","14896 Steve Trail Suite 352
Millermouth, PR 57863"
"408","40106 Kylie Park Apt. 855
New Sarahland, MH 78829"
"409","645 Baker Cliffs
East Brent, CT 51522"
"410","6774 Michael Glens
Lake Alan, PR 18385"
"411","133 Wood Pass Apt. 980
East Sandraborough, MH 54070"
"412","886 Wilcox Extension Apt. 529
North Reginaldport, OK 94203"
"413","991 Hall Manors Apt. 899
East Eileen, IL 30995"
"414","798 Henderson View Suite 665
Port Richardport, NY 93890"
"415","612 Mendoza Rest Apt. 386
Leemouth, SD 24592"
"416","360 Kristine Club
Reedfort, MP 13614"
"417","6462 French Estates
North Tonyberg, TN 89754"
"418","7968 Hubbard Brook
Smithborough, CO 49184"
"419","088 Carrillo Rapids Apt. 389
West Connor, NM 70423"
"420","721 Solomon Hills
Alicechester, PA 89600"
"421","3356 Scott Freeway
Deantown, WA 86570"
"422","33537 Andrew Lodge
Port Christopherhaven, UT 81206"
"423","PSC 5449, Box 0890
APO AP 74446"
"424","PSC 6841, Box 5284
APO AE 16747"
"425","84482 Diane Shores
East Rhondamouth, KY 51986"
"426","49073 Wheeler Spur Apt. 325
West Troyland, MI 32115"
"427","203 Amanda Parks
North Jonathanchester, TN 11594"
"428","610 Pope Points Apt. 382
Lake Amandabury, NY 93694"
"429","981 Carrie Light
Dayport, IN 84668"
"430","3413 Chavez Ville Suite 283
Carolynmouth, MI 76490"
"431","042 Todd Station
Ryanberg, AR 11955"
"432","USCGC Diaz
FPO AE 89709"
"433","607 David Meadow Suite 832
Lake Ronald, MS 72898"
"434","5263 Carlos Roads
Jamiebury, MO 58771"
"435","95877 Gerald Valleys
New Angela, CO 12992"
"436","Unit 6265 Box 6641
DPO AP 37872"
"437","3141 Arnold Canyon
Deborahside, MN 14771"
"438","719 Davis Square
Zacharyland, KY 79037"
"439","9759 Mckenzie Turnpike Apt. 949
North Josephfort, RI 04695"
"440","730 Jeremy Lane
Victoriahaven, SC 80427"
"441","5837 Andrea Vista Suite 489
Thompsonmouth, MH 17006"
"442","8652 Wilson Cliff
Diazbury, LA 16214"
"443","38697 Linda Corner Apt. 459
North Douglas, KS 58021"
"444","96778 Kimberly Unions
Briggschester, ME 59000"
"445","8854 Jackson Locks Suite 502
South Stacyshire, NM 74941"
"446","83616 Murphy Courts
New Joeview, PW 84400"
"447","56494 Austin Haven
Perryhaven, MP 75563"
"448","7911 Douglas Ways Suite 556
Davidmouth, CA 35253"
"449","322 Margaret Island
Michaelshire, OR 04738"
"450","626 Hayes Circle
New Christinamouth, IA 28921"
"451","487 Jessica Row
Harringtonshire, SC 67073"
"452","3387 Bryant Prairie Apt. 249
Paulmouth, FL 62229"
"453","517 Green Port Apt. 500
Lisaborough, NM 80282"
"454","7857 Patterson Harbor
East Maria, FL 84332"
"455","8271 Michael Views Apt. 522
South Lynn, RI 27932"
"456","948 Oscar Mountain
Greenetown, GA 80462"
"457","089 Bradford Run Apt. 985
Evansburgh, NJ 78216"
"458","05061 Gibson Club Suite 496
Lake Suzannemouth, PA 15665"
"459","65753 Edward Divide Suite 402
South William, VA 72205"
"460","9162 Ryan Curve Suite 160
Port Joshuachester, RI 85251"
"461","7996 Welch Isle
South Patrick, GU 88458"
"462","819 Peterson Cove
Whiteland, MD 59800"
"463","19208 Allen Alley
Castilloborough, WA 66008"
"464","0581 Carr Well
North Jillfurt, AS 99289"
"465","585 Monroe Islands
East Carol, ME 88085"
"466","7649 Lopez Center Apt. 837
Derekhaven, KY 36349"
"467","Unit 6038 Box 8721
DPO AA 22473"
"468","94262 Smith Square Suite 187
Lloydberg, UT 85307"
"469","55776 Smith Glens
North Brittanychester, AK 31251"
"470","4679 Amy Mill Apt. 752
New Edwardstad, TN 40773"
"471","62680 Mendoza Track
Davidview, IL 22968"
"472","8309 Cooper Way
Port Barbaraland, FM 04481"
"473","658 Abigail Junctions Suite 189
South Justin, CA 23681"
"474","44675 James Harbor
Hardychester, CA 31861"
"475","Unit 1336 Box 7453
DPO AA 12425"
"476","557 Owen Rapid Suite 165
North Charlottestad, IL 93797"
"477","930 Hubbard Parkway Apt. 698
Mannmouth, ND 77397"
"478","555 Lewis Track Apt. 474
Vickitown, GU 79261"
"479","022 Byrd Hill
North Donaldfurt, ME 15345"
"480","8069 Burton Camp Apt. 840
New Cindy, NY 38916"
"481","4991 Fischer Rest
Port Debbie, MI 71035"
"482","Unit 2858 Box 6007
DPO AE 71138"
"483","611 Hodge Ridges
South Robin, OH 62641"
"484","097 Vaughn Underpass
East Natalieview, WA 93854"
"485","918 Marks Crossroad
South Trevor, OH 37728"
"486","01470 Bailey Mountain
Jonesshire, AZ 64143"
"487","641 Ralph Mountain
Josephmouth, LA 04780"
"488","811 Andersen Forest Suite 814
Port Michael, OR 32869"
"489","360 Melissa Pike
Parkerstad, NJ 94045"
"490","PSC 4338, Box 8147
APO AE 46962"
"491","8124 Wright Passage Suite 322
Port Jared, IN 87173"
"492","59466 Contreras Spring
New Stacey, KS 84825"
"493","5768 Hernandez Corner Apt. 534
Lorifort, KY 50765"
"494","38271 Mccarthy Islands
Lake Ralph, TN 86333"
"495","Unit 4533 Box 7545
DPO AA 46542"
"496","2867 Erickson Centers
Solisview, AS 78091"
"497","USNV Fowler
FPO AE 16561"
"498","3412 Amanda Streets
Washingtonberg, AL 14483"
"499","3002 Adams Inlet Suite 989
Port Richard, SD 80239"
